ticker,cik,fiscal_year,fiscal_quarter,period_start,period_end,period_days,revenue,revenue_latest,restated,filed,form,accn,concept,primary_concept,derived
AMZN,1018724,2016,1,2016-01-01,2016-03-31,91,29128000000.0,29128000000.0,False,2016-04-29,10-Q,0001018724-16-000227,SalesRevenueNet,RevenueFromContractWithCustomerExcludingAssessedTax,False
AMZN,1018724,2016,2,2016-04-01,2016-06-30,91,30404000000.0,30404000000.0,False,2016-07-29,10-Q,0001018724-16-000286,SalesRevenueNet,RevenueFromContractWithCustomerExcludingAssessedTax,False
AMZN,1018724,2016,3,2016-07-01,2016-09-30,92,32714000000.0,32714000000.0,False,2016-10-28,10-Q,0001018724-16-000324,SalesRevenueNet,RevenueFromContractWithCustomerExcludingAssessedTax,False
AMZN,1018724,2016,4,2016-10-01,2016-12-31,92,43741000000.0,43741000000.0,False,2017-02-10,10-K,0001018724-17-000011,SalesRevenueNet,RevenueFromContractWithCustomerExcludingAssessedTax,False
AMZN,1018724,2017,1,2017-01-01,2017-03-31,90,35714000000.0,35714000000.0,False,2017-04-28,10-K,0001018724-19-000004,RevenueFromContractWithCustomerExcludingAssessedTax,RevenueFromContractWithCustomerExcludingAssessedTax,False
AMZN,1018724,2017,2,2017-04-01,2017-06-30,91,37955000000.0,37955000000.0,False,2017-07-28,10-K,0001018724-19-000004,RevenueFromContractWithCustomerExcludingAssessedTax,RevenueFromContractWithCustomerExcludingAssessedTax,False
AMZN,1018724,2017,3,2017-07-01,2017-09-30,92,43744000000.0,43744000000.0,False,2017-10-27,10-Q,0001018724-18-000159,RevenueFromContractWithCustomerExcludingAssessedTax,RevenueFromContractWithCustomerExcludingAssessedTax,False
AMZN,1018724,2017,4,2017-10-01,2017-12-31,92,60453000000.0,60453000000.0,False,2018-02-02,10-K,0001018724-19-000004,RevenueFromContractWithCustomerExcludingAssessedTax,RevenueFromContractWithCustomerExcludingAssessedTax,False
AMZN,1018724,2018,1,2018-01-01,2018-03-31,90,51042000000.0,51042000000.0,False,2018-04-27,10-K,0001018724-19-000004,RevenueFromContractWithCustomerExcludingAssessedTax,RevenueFromContractWithCustomerExcludingAssessedTax,False
AMZN,1018724,2018,2,2018-04-01,2018-06-30,91,52886000000.0,52886000000.0,False,2018-07-27,10-K,0001018724-19-000004,RevenueFromContractWithCustomerExcludingAssessedTax,RevenueFromContractWithCustomerExcludingAssessedTax,False
AMZN,1018724,2018,3,2018-07-01,2018-09-30,92,56576000000.0,56576000000.0,False,2018-10-26,10-Q,0001018724-18-000159,RevenueFromContractWithCustomerExcludingAssessedTax,RevenueFromContractWithCustomerExcludingAssessedTax,False
AMZN,1018724,2018,4,2018-10-01,2018-12-31,92,72383000000.0,72383000000.0,False,2019-02-01,10-K,0001018724-19-000004,RevenueFromContractWithCustomerExcludingAssessedTax,RevenueFromContractWithCustomerExcludingAssessedTax,False
AMZN,1018724,2019,1,2019-01-01,2019-03-31,90,59700000000.0,59700000000.0,False,2019-04-26,10-Q,0001018724-19-000043,RevenueFromContractWithCustomerExcludingAssessedTax,RevenueFromContractWithCustomerExcludingAssessedTax,False
AMZN,1018724,2019,2,2019-04-01,2019-06-30,91,63404000000.0,63404000000.0,False,2019-07-26,10-Q,0001018724-19-000071,RevenueFromContractWithCustomerExcludingAssessedTax,RevenueFromContractWithCustomerExcludingAssessedTax,False
AMZN,1018724,2019,3,2019-07-01,2019-09-30,92,69981000000.0,69981000000.0,False,2019-10-25,10-Q,0001018724-19-000089,RevenueFromContractWithCustomerExcludingAssessedTax,RevenueFromContractWithCustomerExcludingAssessedTax,False
AMZN,1018724,2019,4,2019-10-01,2019-12-31,92,87437000000.0,87437000000.0,False,2020-01-31,10-K,0001018724-20-000004,RevenueFromContractWithCustomerExcludingAssessedTax,RevenueFromContractWithCustomerExcludingAssessedTax,False
AMZN,1018724,2020,1,2020-01-01,2020-03-31,91,75452000000.0,75452000000.0,False,2020-05-01,10-Q,0001018724-20-000010,RevenueFromContractWithCustomerExcludingAssessedTax,RevenueFromContractWithCustomerExcludingAssessedTax,False
AMZN,1018724,2020,2,2020-04-01,2020-06-30,91,88912000000.0,88912000000.0,False,2020-07-31,10-Q,0001018724-20-000021,RevenueFromContractWithCustomerExcludingAssessedTax,RevenueFromContractWithCustomerExcludingAssessedTax,False
AMZN,1018724,2020,3,2020-07-01,2020-09-30,92,96145000000.0,96145000000.0,False,2020-10-30,10-Q,0001018724-20-000030,RevenueFromContractWithCustomerExcludingAssessedTax,RevenueFromContractWithCustomerExcludingAssessedTax,False
AMZN,1018724,2020,4,2020-10-01,2020-12-31,92,125555000000.0,125555000000.0,False,2021-02-03,10-K,0001018724-21-000004,RevenueFromContractWithCustomerExcludingAssessedTax,RevenueFromContractWithCustomerExcludingAssessedTax,False
AMZN,1018724,2021,1,2021-01-01,2021-03-31,90,108518000000.0,108518000000.0,False,2021-04-30,10-Q,0001018724-21-000010,RevenueFromContractWithCustomerExcludingAssessedTax,RevenueFromContractWithCustomerExcludingAssessedTax,False
AMZN,1018724,2021,2,2021-04-01,2021-06-30,91,113080000000.0,113080000000.0,False,2021-07-30,10-Q,0001018724-21-000020,RevenueFromContractWithCustomerExcludingAssessedTax,RevenueFromContractWithCustomerExcludingAssessedTax,False
AMZN,1018724,2021,3,2021-07-01,2021-09-30,92,110812000000.0,110812000000.0,False,2021-10-29,10-Q,0001018724-21-000028,RevenueFromContractWithCustomerExcludingAssessedTax,RevenueFromContractWithCustomerExcludingAssessedTax,False
AMZN,1018724,2021,4,2021-10-01,2021-12-31,92,137412000000.0,137412000000.0,False,2022-02-04,10-K,0001018724-22-000005,RevenueFromContractWithCustomerExcludingAssessedTax,RevenueFromContractWithCustomerExcludingAssessedTax,True
AMZN,1018724,2022,1,2022-01-01,2022-03-31,90,116444000000.0,116444000000.0,False,2022-04-29,10-Q,0001018724-22-000013,RevenueFromContractWithCustomerExcludingAssessedTax,RevenueFromContractWithCustomerExcludingAssessedTax,False
AMZN,1018724,2022,2,2022-04-01,2022-06-30,91,121234000000.0,121234000000.0,False,2022-07-29,10-Q,0001018724-22-000019,RevenueFromContractWithCustomerExcludingAssessedTax,RevenueFromContractWithCustomerExcludingAssessedTax,False
AMZN,1018724,2022,3,2022-07-01,2022-09-30,92,127101000000.0,127101000000.0,False,2022-10-28,10-Q,0001018724-22-000023,RevenueFromContractWithCustomerExcludingAssessedTax,RevenueFromContractWithCustomerExcludingAssessedTax,False
AMZN,1018724,2022,4,2022-10-01,2022-12-31,92,149204000000.0,149204000000.0,False,2023-02-03,10-K,0001018724-23-000004,RevenueFromContractWithCustomerExcludingAssessedTax,RevenueFromContractWithCustomerExcludingAssessedTax,True
AMZN,1018724,2023,1,2023-01-01,2023-03-31,90,127358000000.0,127358000000.0,False,2023-04-28,10-Q,0001018724-23-000008,RevenueFromContractWithCustomerExcludingAssessedTax,RevenueFromContractWithCustomerExcludingAssessedTax,False
AMZN,1018724,2023,2,2023-04-01,2023-06-30,91,134383000000.0,134383000000.0,False,2023-08-04,10-Q,0001018724-23-000012,RevenueFromContractWithCustomerExcludingAssessedTax,RevenueFromContractWithCustomerExcludingAssessedTax,False
AMZN,1018724,2023,3,2023-07-01,2023-09-30,92,143083000000.0,143083000000.0,False,2023-10-27,10-Q,0001018724-23-000018,RevenueFromContractWithCustomerExcludingAssessedTax,RevenueFromContractWithCustomerExcludingAssessedTax,False
AMZN,1018724,2023,4,2023-10-01,2023-12-31,92,169961000000.0,169961000000.0,False,2024-02-02,10-K,0001018724-24-000008,RevenueFromContractWithCustomerExcludingAssessedTax,RevenueFromContractWithCustomerExcludingAssessedTax,True
AMZN,1018724,2024,1,2024-01-01,2024-03-31,91,143313000000.0,143313000000.0,False,2024-05-01,10-Q,0001018724-24-000083,RevenueFromContractWithCustomerExcludingAssessedTax,RevenueFromContractWithCustomerExcludingAssessedTax,False
AMZN,1018724,2024,2,2024-04-01,2024-06-30,91,147977000000.0,147977000000.0,False,2024-08-02,10-Q,0001018724-24-000130,RevenueFromContractWithCustomerExcludingAssessedTax,RevenueFromContractWithCustomerExcludingAssessedTax,False
AMZN,1018724,2024,3,2024-07-01,2024-09-30,92,158877000000.0,158877000000.0,False,2024-11-01,10-Q,0001018724-24-000161,RevenueFromContractWithCustomerExcludingAssessedTax,RevenueFromContractWithCustomerExcludingAssessedTax,False
AMZN,1018724,2024,4,2024-10-01,2024-12-31,92,187792000000.0,187792000000.0,False,2025-02-07,10-K,0001018724-25-000004,RevenueFromContractWithCustomerExcludingAssessedTax,RevenueFromContractWithCustomerExcludingAssessedTax,True
AMZN,1018724,2025,1,2025-01-01,2025-03-31,90,155667000000.0,155667000000.0,False,2025-05-02,10-Q,0001018724-25-000036,RevenueFromContractWithCustomerExcludingAssessedTax,RevenueFromContractWithCustomerExcludingAssessedTax,False
AMZN,1018724,2025,2,2025-04-01,2025-06-30,91,167702000000.0,167702000000.0,False,2025-08-01,10-Q,0001018724-25-000086,RevenueFromContractWithCustomerExcludingAssessedTax,RevenueFromContractWithCustomerExcludingAssessedTax,False
AMZN,1018724,2025,3,2025-07-01,2025-09-30,92,180169000000.0,180169000000.0,False,2025-10-31,10-Q,0001018724-25-000123,RevenueFromContractWithCustomerExcludingAssessedTax,RevenueFromContractWithCustomerExcludingAssessedTax,False
AMZN,1018724,2025,4,2025-10-01,2025-12-31,92,213386000000.0,213386000000.0,False,2026-02-06,10-K,0001018724-26-000004,RevenueFromContractWithCustomerExcludingAssessedTax,RevenueFromContractWithCustomerExcludingAssessedTax,True
AMZN,1018724,2026,1,2026-01-01,2026-03-31,90,181519000000.0,181519000000.0,False,2026-04-30,10-Q,0001018724-26-000014,RevenueFromContractWithCustomerExcludingAssessedTax,RevenueFromContractWithCustomerExcludingAssessedTax,False
AMZN,1018724,2026,2,2026-04-01,2026-06-30,91,200606000000.0,200606000000.0,False,2026-07-31,10-Q,0001018724-26-000026,RevenueFromContractWithCustomerExcludingAssessedTax,RevenueFromContractWithCustomerExcludingAssessedTax,False
BBY,764478,2016,4,2015-11-01,2016-01-30,91,13623000000.0,13623000000.0,False,2016-03-23,10-K,0000764478-16-000064,SalesRevenueNet,RevenueFromContractWithCustomerIncludingAssessedTax,False
BBY,764478,2017,1,2016-01-31,2016-04-30,91,8443000000.0,8443000000.0,False,2016-06-09,10-Q,0000764478-16-000075,SalesRevenueNet,RevenueFromContractWithCustomerIncludingAssessedTax,False
BBY,764478,2017,2,2016-05-01,2016-07-30,91,8533000000.0,8533000000.0,False,2016-09-02,10-Q,0000764478-16-000088,SalesRevenueNet,RevenueFromContractWithCustomerIncludingAssessedTax,False
BBY,764478,2017,3,2016-07-31,2016-10-29,91,8945000000.0,8945000000.0,False,2016-12-02,10-Q,0000764478-16-000093,SalesRevenueNet,RevenueFromContractWithCustomerIncludingAssessedTax,False
BBY,764478,2017,4,2016-10-30,2017-01-28,91,13482000000.0,13482000000.0,False,2017-03-24,10-K,0000764478-17-000008,SalesRevenueNet,RevenueFromContractWithCustomerIncludingAssessedTax,False
BBY,764478,2018,1,2017-01-29,2017-04-29,91,8528000000.0,8528000000.0,False,2017-06-05,10-K,0000764478-19-000009,RevenueFromContractWithCustomerIncludingAssessedTax,RevenueFromContractWithCustomerIncludingAssessedTax,False
BBY,764478,2018,2,2017-04-30,2017-07-29,91,8940000000.0,8940000000.0,False,2017-09-05,10-Q,0000764478-18-000043,RevenueFromContractWithCustomerIncludingAssessedTax,RevenueFromContractWithCustomerIncludingAssessedTax,False
BBY,764478,2018,3,2017-07-30,2017-10-28,91,9320000000.0,9320000000.0,False,2017-12-01,10-Q,0000764478-18-000053,RevenueFromContractWithCustomerIncludingAssessedTax,RevenueFromContractWithCustomerIncludingAssessedTax,False
BBY,764478,2018,4,2017-10-29,2018-02-03,98,15363000000.0,15363000000.0,False,2018-04-02,10-K,0000764478-19-000009,RevenueFromContractWithCustomerIncludingAssessedTax,RevenueFromContractWithCustomerIncludingAssessedTax,False
BBY,764478,2019,1,2018-02-04,2018-05-05,91,9109000000.0,9109000000.0,False,2018-06-08,10-K,0000764478-19-000009,RevenueFromContractWithCustomerIncludingAssessedTax,RevenueFromContractWithCustomerIncludingAssessedTax,False
BBY,764478,2019,2,2018-05-06,2018-08-04,91,9379000000.0,9379000000.0,False,2018-09-10,10-Q,0000764478-18-000043,RevenueFromContractWithCustomerIncludingAssessedTax,RevenueFromContractWithCustomerIncludingAssessedTax,False
BBY,764478,2019,3,2018-08-05,2018-11-03,91,9590000000.0,9590000000.0,False,2018-12-07,10-Q,0000764478-18-000053,RevenueFromContractWithCustomerIncludingAssessedTax,RevenueFromContractWithCustomerIncludingAssessedTax,False
BBY,764478,2019,4,2018-11-04,2019-02-02,91,14801000000.0,14801000000.0,False,2019-03-28,10-K,0000764478-19-000009,RevenueFromContractWithCustomerIncludingAssessedTax,RevenueFromContractWithCustomerIncludingAssessedTax,False
BBY,764478,2020,1,2019-02-03,2019-05-04,91,9142000000.0,9142000000.0,False,2019-06-07,10-Q,0000764478-19-000028,RevenueFromContractWithCustomerIncludingAssessedTax,RevenueFromContractWithCustomerIncludingAssessedTax,False
BBY,764478,2020,2,2019-05-05,2019-08-03,91,9536000000.0,9536000000.0,False,2019-09-06,10-Q,0000764478-19-000042,RevenueFromContractWithCustomerIncludingAssessedTax,RevenueFromContractWithCustomerIncludingAssessedTax,False
BBY,764478,2020,3,2019-08-04,2019-11-02,91,9764000000.0,9764000000.0,False,2019-12-06,10-Q,0000764478-19-000057,RevenueFromContractWithCustomerIncludingAssessedTax,RevenueFromContractWithCustomerIncludingAssessedTax,False
BBY,764478,2020,4,2019-11-03,2020-02-01,91,15196000000.0,15196000000.0,False,2020-03-23,10-K,0000764478-20-000017,RevenueFromContractWithCustomerIncludingAssessedTax,RevenueFromContractWithCustomerIncludingAssessedTax,False
BBY,764478,2021,1,2020-02-02,2020-05-02,91,8562000000.0,8562000000.0,False,2020-05-27,10-Q,0000764478-20-000029,RevenueFromContractWithCustomerIncludingAssessedTax,RevenueFromContractWithCustomerIncludingAssessedTax,False
BBY,764478,2021,2,2020-05-03,2020-08-01,91,9910000000.0,9910000000.0,False,2020-08-31,10-Q,0000764478-20-000054,RevenueFromContractWithCustomerIncludingAssessedTax,RevenueFromContractWithCustomerIncludingAssessedTax,False
BBY,764478,2021,3,2020-08-02,2020-10-31,91,11853000000.0,11853000000.0,False,2020-11-30,10-Q,0000764478-20-000062,RevenueFromContractWithCustomerIncludingAssessedTax,RevenueFromContractWithCustomerIncludingAssessedTax,False
BBY,764478,2021,4,2020-11-01,2021-01-30,91,16937000000.0,16937000000.0,False,2021-03-19,10-K,0000764478-21-000024,RevenueFromContractWithCustomerIncludingAssessedTax,RevenueFromContractWithCustomerIncludingAssessedTax,True
BBY,764478,2022,1,2021-01-31,2021-05-01,91,11637000000.0,11637000000.0,False,2021-06-04,10-Q,0000764478-21-000039,RevenueFromContractWithCustomerIncludingAssessedTax,RevenueFromContractWithCustomerIncludingAssessedTax,False
BBY,764478,2022,2,2021-05-02,2021-07-31,91,11849000000.0,11849000000.0,False,2021-08-31,10-Q,0000764478-21-000060,RevenueFromContractWithCustomerIncludingAssessedTax,RevenueFromContractWithCustomerIncludingAssessedTax,False
BBY,764478,2022,3,2021-08-01,2021-10-30,91,11910000000.0,11910000000.0,False,2021-12-03,10-Q,0000764478-21-000068,RevenueFromContractWithCustomerIncludingAssessedTax,RevenueFromContractWithCustomerIncludingAssessedTax,False
BBY,764478,2022,4,2021-10-31,2022-01-29,91,16365000000.0,16365000000.0,False,2022-03-18,10-K,0000764478-22-000008,RevenueFromContractWithCustomerIncludingAssessedTax,RevenueFromContractWithCustomerIncludingAssessedTax,True
BBY,764478,2023,1,2022-01-30,2022-04-30,91,10647000000.0,10647000000.0,False,2022-06-02,10-Q,0000764478-22-000017,RevenueFromContractWithCustomerIncludingAssessedTax,RevenueFromContractWithCustomerIncludingAssessedTax,False
BBY,764478,2023,2,2022-05-01,2022-07-30,91,10329000000.0,10329000000.0,False,2022-09-08,10-Q,0000764478-22-000037,RevenueFromContractWithCustomerIncludingAssessedTax,RevenueFromContractWithCustomerIncludingAssessedTax,False
BBY,764478,2023,3,2022-07-31,2022-10-29,91,10587000000.0,10587000000.0,False,2022-12-06,10-Q,0000764478-22-000044,RevenueFromContractWithCustomerIncludingAssessedTax,RevenueFromContractWithCustomerIncludingAssessedTax,False
BBY,764478,2023,4,2022-10-30,2023-01-28,91,14735000000.0,14735000000.0,False,2023-03-17,10-K,0000764478-23-000006,RevenueFromContractWithCustomerIncludingAssessedTax,RevenueFromContractWithCustomerIncludingAssessedTax,True
BBY,764478,2024,1,2023-01-29,2023-04-29,91,9467000000.0,9467000000.0,False,2023-06-02,10-Q,0000764478-23-000025,RevenueFromContractWithCustomerIncludingAssessedTax,RevenueFromContractWithCustomerIncludingAssessedTax,False
BBY,764478,2024,2,2023-04-30,2023-07-29,91,9583000000.0,9583000000.0,False,2023-09-01,10-Q,0000764478-23-000041,RevenueFromContractWithCustomerIncludingAssessedTax,RevenueFromContractWithCustomerIncludingAssessedTax,False
BBY,764478,2024,3,2023-07-30,2023-10-28,91,9756000000.0,9756000000.0,False,2023-12-01,10-Q,0000764478-23-000053,RevenueFromContractWithCustomerIncludingAssessedTax,RevenueFromContractWithCustomerIncludingAssessedTax,False
BBY,764478,2024,4,2023-10-29,2024-02-03,98,14646000000.0,14646000000.0,False,2024-03-15,10-K,0000764478-24-000010,RevenueFromContractWithCustomerIncludingAssessedTax,RevenueFromContractWithCustomerIncludingAssessedTax,True
BBY,764478,2025,1,2024-02-04,2024-05-04,91,8847000000.0,8847000000.0,False,2024-06-07,10-Q,0000764478-24-000022,RevenueFromContractWithCustomerIncludingAssessedTax,RevenueFromContractWithCustomerIncludingAssessedTax,False
BBY,764478,2025,2,2024-05-05,2024-08-03,91,9288000000.0,9288000000.0,False,2024-09-06,10-Q,0000764478-24-000035,RevenueFromContractWithCustomerIncludingAssessedTax,RevenueFromContractWithCustomerIncludingAssessedTax,False
BBY,764478,2025,3,2024-08-04,2024-11-02,91,9445000000.0,9445000000.0,False,2024-12-06,10-Q,0000764478-24-000041,RevenueFromContractWithCustomerIncludingAssessedTax,RevenueFromContractWithCustomerIncludingAssessedTax,False
BBY,764478,2025,4,2024-11-03,2025-02-01,91,13948000000.0,13948000000.0,False,2025-03-19,10-K,0000764478-25-000007,RevenueFromContractWithCustomerIncludingAssessedTax,RevenueFromContractWithCustomerIncludingAssessedTax,True
BBY,764478,2026,1,2025-02-02,2025-05-03,91,8767000000.0,8767000000.0,False,2025-06-06,10-Q,0000764478-25-000019,RevenueFromContractWithCustomerIncludingAssessedTax,RevenueFromContractWithCustomerIncludingAssessedTax,False
BBY,764478,2026,2,2025-05-04,2025-08-02,91,9438000000.0,9438000000.0,False,2025-09-05,10-Q,0000764478-25-000040,RevenueFromContractWithCustomerIncludingAssessedTax,RevenueFromContractWithCustomerIncludingAssessedTax,False
BBY,764478,2026,3,2025-08-03,2025-11-01,91,9672000000.0,9672000000.0,False,2025-12-05,10-Q,0000764478-25-000057,RevenueFromContractWithCustomerIncludingAssessedTax,RevenueFromContractWithCustomerIncludingAssessedTax,False
BBY,764478,2026,4,2025-11-02,2026-01-31,91,13814000000.0,13814000000.0,False,2026-03-18,10-K,0000764478-26-000009,RevenueFromContractWithCustomerIncludingAssessedTax,RevenueFromContractWithCustomerIncludingAssessedTax,True
BBY,764478,2027,1,2026-02-01,2026-05-02,91,8936000000.0,8936000000.0,False,2026-06-05,10-Q,0000764478-26-000022,RevenueFromContractWithCustomerIncludingAssessedTax,RevenueFromContractWithCustomerIncludingAssessedTax,False
BBY,764478,2027,2,2026-05-03,2026-08-01,91,9779000000.0,9779000000.0,False,2026-09-04,10-Q,0000764478-26-000042,RevenueFromContractWithCustomerIncludingAssessedTax,RevenueFromContractWithCustomerIncludingAssessedTax,False
CHWY,1766502,2019,1,2018-01-29,2018-04-29,91,763462000.0,763462000.0,False,2019-07-19,10-Q,0001766502-19-000007,RevenueFromContractWithCustomerExcludingAssessedTax,RevenueFromContractWithCustomerExcludingAssessedTax,False
CHWY,1766502,2019,2,2018-04-30,2018-07-29,91,805587000.0,805587000.0,False,2019-09-17,10-Q,0001766502-19-000013,RevenueFromContractWithCustomerExcludingAssessedTax,RevenueFromContractWithCustomerExcludingAssessedTax,False
CHWY,1766502,2019,3,2018-07-30,2018-10-28,91,875630000.0,875630000.0,False,2019-12-09,10-Q,0001766502-19-000017,RevenueFromContractWithCustomerExcludingAssessedTax,RevenueFromContractWithCustomerExcludingAssessedTax,False
CHWY,1766502,2019,4,2018-10-29,2019-02-03,98,1088158000.0,1088158000.0,False,2020-04-02,10-K,0001766502-20-000007,RevenueFromContractWithCustomerExcludingAssessedTax,RevenueFromContractWithCustomerExcludingAssessedTax,True
CHWY,1766502,2020,1,2019-02-04,2019-05-05,91,1108872000.0,1108872000.0,False,2019-07-19,10-Q,0001766502-19-000007,RevenueFromContractWithCustomerExcludingAssessedTax,RevenueFromContractWithCustomerExcludingAssessedTax,False
CHWY,1766502,2020,2,2019-05-06,2019-08-04,91,1153545000.0,1153545000.0,False,2019-09-17,10-Q,0001766502-19-000013,RevenueFromContractWithCustomerExcludingAssessedTax,RevenueFromContractWithCustomerExcludingAssessedTax,False
CHWY,1766502,2020,3,2019-08-05,2019-11-03,91,1229801000.0,1229801000.0,False,2019-12-09,10-Q,0001766502-19-000017,RevenueFromContractWithCustomerExcludingAssessedTax,RevenueFromContractWithCustomerExcludingAssessedTax,False
CHWY,1766502,2020,4,2019-11-04,2020-02-02,91,1354525000.0,1354525000.0,False,2020-04-02,10-K,0001766502-20-000007,RevenueFromContractWithCustomerExcludingAssessedTax,RevenueFromContractWithCustomerExcludingAssessedTax,True
CHWY,1766502,2021,1,2020-02-03,2020-05-03,91,1621393000.0,1621393000.0,False,2020-06-09,10-Q,0001766502-20-000013,RevenueFromContractWithCustomerExcludingAssessedTax,RevenueFromContractWithCustomerExcludingAssessedTax,False
CHWY,1766502,2021,2,2020-05-04,2020-08-02,91,1699859000.0,1699859000.0,False,2020-09-10,10-Q,0001766502-20-000022,RevenueFromContractWithCustomerExcludingAssessedTax,RevenueFromContractWithCustomerExcludingAssessedTax,False
CHWY,1766502,2021,3,2020-08-03,2020-11-01,91,1782000000.0,1782000000.0,False,2020-12-08,10-Q,0001766502-20-000031,RevenueFromContractWithCustomerExcludingAssessedTax,RevenueFromContractWithCustomerExcludingAssessedTax,False
CHWY,1766502,2021,4,2020-11-02,2021-01-31,91,2043012000.0,2043012000.0,False,2021-03-30,10-K,0001766502-21-000008,RevenueFromContractWithCustomerExcludingAssessedTax,RevenueFromContractWithCustomerExcludingAssessedTax,True
CHWY,1766502,2022,1,2021-02-01,2021-05-02,91,2135178000.0,2135178000.0,False,2021-06-10,10-Q,0001766502-21-000014,RevenueFromContractWithCustomerExcludingAssessedTax,RevenueFromContractWithCustomerExcludingAssessedTax,False
CHWY,1766502,2022,2,2021-05-03,2021-08-01,91,2155036000.0,2155036000.0,False,2021-09-01,10-Q,0001766502-21-000023,RevenueFromContractWithCustomerExcludingAssessedTax,RevenueFromContractWithCustomerExcludingAssessedTax,False
CHWY,1766502,2022,3,2021-08-02,2021-10-31,91,2212161000.0,2212161000.0,False,2021-12-09,10-Q,0001766502-21-000032,RevenueFromContractWithCustomerExcludingAssessedTax,RevenueFromContractWithCustomerExcludingAssessedTax,False
CHWY,1766502,2022,4,2021-11-01,2022-01-30,91,2388398000.0,2465032000.0,True,2022-03-29,10-K,0001766502-22-000008,RevenueFromContractWithCustomerExcludingAssessedTax,RevenueFromContractWithCustomerExcludingAssessedTax,True
CHWY,1766502,2023,1,2022-01-31,2022-05-01,91,2428327000.0,2428327000.0,False,2022-06-01,10-Q,0001766502-22-000017,RevenueFromContractWithCustomerExcludingAssessedTax,RevenueFromContractWithCustomerExcludingAssessedTax,False
CHWY,1766502,2023,2,2022-05-02,2022-07-31,91,2431011000.0,2431011000.0,False,2022-08-30,10-Q,0001766502-22-000033,RevenueFromContractWithCustomerExcludingAssessedTax,RevenueFromContractWithCustomerExcludingAssessedTax,False
CHWY,1766502,2023,3,2022-08-01,2022-10-30,91,2532122000.0,2532122000.0,False,2022-12-08,10-Q,0001766502-22-000043,RevenueFromContractWithCustomerExcludingAssessedTax,RevenueFromContractWithCustomerExcludingAssessedTax,False
CHWY,1766502,2023,4,2022-10-31,2023-01-29,91,2707479000.0,2727540000.0,True,2023-03-22,10-K,0001766502-23-000011,RevenueFromContractWithCustomerExcludingAssessedTax,RevenueFromContractWithCustomerExcludingAssessedTax,True
CHWY,1766502,2024,1,2023-01-30,2023-04-30,91,2784675000.0,2790639000.0,True,2023-05-31,10-Q,0001766502-23-000026,RevenueFromContractWithCustomerExcludingAssessedTax,RevenueFromContractWithCustomerExcludingAssessedTax,False
CHWY,1766502,2024,2,2023-05-01,2023-07-30,91,2777769000.0,2785302000.0,True,2023-08-30,10-Q,0001766502-23-000037,RevenueFromContractWithCustomerExcludingAssessedTax,RevenueFromContractWithCustomerExcludingAssessedTax,False
CHWY,1766502,2024,3,2023-07-31,2023-10-29,91,2738611000.0,2745875000.0,True,2023-12-06,10-Q,0001766502-23-000043,RevenueFromContractWithCustomerExcludingAssessedTax,RevenueFromContractWithCustomerExcludingAssessedTax,False
CHWY,1766502,2024,4,2023-10-30,2024-01-28,91,2846665000.0,2825884000.0,True,2024-03-20,10-K,0001766502-24-000014,RevenueFromContractWithCustomerExcludingAssessedTax,RevenueFromContractWithCustomerExcludingAssessedTax,True
CHWY,1766502,2025,1,2024-01-29,2024-04-28,91,2877725000.0,2877700000.0,False,2024-05-29,10-Q,0001766502-24-000020,RevenueFromContractWithCustomerExcludingAssessedTax,RevenueFromContractWithCustomerExcludingAssessedTax,False
CHWY,1766502,2025,2,2024-04-29,2024-07-28,91,2858589000.0,2858600000.0,False,2024-08-28,10-Q,0001766502-24-000047,RevenueFromContractWithCustomerExcludingAssessedTax,RevenueFromContractWithCustomerExcludingAssessedTax,False
CHWY,1766502,2025,3,2024-07-29,2024-10-27,91,2877635000.0,2877600000.0,False,2024-12-04,10-Q,0001766502-24-000053,RevenueFromContractWithCustomerExcludingAssessedTax,RevenueFromContractWithCustomerExcludingAssessedTax,False
CHWY,1766502,2025,4,2024-10-28,2025-02-02,98,3247386000.0,3247400000.0,False,2025-03-26,10-K,0001766502-25-000014,RevenueFromContractWithCustomerExcludingAssessedTax,RevenueFromContractWithCustomerExcludingAssessedTax,True
CHWY,1766502,2026,1,2025-02-03,2025-05-04,91,3116000000.0,3116000000.0,False,2025-06-11,10-Q,0001766502-25-000029,RevenueFromContractWithCustomerExcludingAssessedTax,RevenueFromContractWithCustomerExcludingAssessedTax,False
CHWY,1766502,2026,2,2025-05-05,2025-08-03,91,3104200000.0,3104200000.0,False,2025-09-10,10-Q,0001766502-25-000039,RevenueFromContractWithCustomerExcludingAssessedTax,RevenueFromContractWithCustomerExcludingAssessedTax,False
CHWY,1766502,2026,3,2025-08-04,2025-11-02,91,3116600000.0,3116600000.0,False,2025-12-10,10-Q,0001766502-25-000059,RevenueFromContractWithCustomerExcludingAssessedTax,RevenueFromContractWithCustomerExcludingAssessedTax,False
CHWY,1766502,2026,4,2025-11-03,2026-02-01,91,3264700000.0,3264700000.0,False,2026-03-25,10-K,0001766502-26-000034,RevenueFromContractWithCustomerExcludingAssessedTax,RevenueFromContractWithCustomerExcludingAssessedTax,True
CHWY,1766502,2027,1,2026-02-02,2026-05-03,91,3357200000.0,3357200000.0,False,2026-06-10,10-Q,0001628280-26-042060,RevenueFromContractWithCustomerExcludingAssessedTax,RevenueFromContractWithCustomerExcludingAssessedTax,False
CHWY,1766502,2027,2,2026-05-04,2026-08-02,91,3330200000.0,3330200000.0,False,2026-09-09,10-Q,0001628280-26-061018,RevenueFromContractWithCustomerExcludingAssessedTax,RevenueFromContractWithCustomerExcludingAssessedTax,False
CMG,1058090,2017,1,2017-01-01,2017-03-31,90,1068829000.0,1068829000.0,False,2019-02-08,10-K,0001058090-19-000007,Revenues,Revenues,False
CMG,1058090,2017,2,2017-04-01,2017-06-30,91,1169409000.0,1169409000.0,False,2019-02-08,10-K,0001058090-19-000007,Revenues,Revenues,False
CMG,1058090,2017,3,2017-07-01,2017-09-30,92,1128074000.0,1128074000.0,False,2018-10-26,10-Q,0001058090-18-000055,Revenues,Revenues,False
CMG,1058090,2017,4,2017-10-01,2017-12-31,92,1110100000.0,1110100000.0,False,2019-02-08,10-K,0001058090-19-000007,Revenues,Revenues,False
CMG,1058090,2018,1,2018-01-01,2018-03-31,90,1148397000.0,1148397000.0,False,2019-02-08,10-K,0001058090-19-000007,Revenues,Revenues,False
CMG,1058090,2018,2,2018-04-01,2018-06-30,91,1266520000.0,1266520000.0,False,2019-02-08,10-K,0001058090-19-000007,Revenues,Revenues,False
CMG,1058090,2018,3,2018-07-01,2018-09-30,92,1225007000.0,1225007000.0,False,2018-10-26,10-Q,0001058090-18-000055,Revenues,Revenues,False
CMG,1058090,2018,4,2018-10-01,2018-12-31,92,1225061000.0,1225061000.0,False,2019-02-08,10-K,0001058090-19-000007,Revenues,Revenues,False
CMG,1058090,2019,1,2019-01-01,2019-03-31,90,1308217000.0,1308217000.0,False,2019-04-25,10-Q,0001058090-19-000015,Revenues,Revenues,False
CMG,1058090,2019,2,2019-04-01,2019-06-30,91,1434231000.0,1434231000.0,False,2019-07-24,10-Q,0001058090-19-000029,Revenues,Revenues,False
CMG,1058090,2019,3,2019-07-01,2019-09-30,92,1403697000.0,1403697000.0,False,2019-10-23,10-Q,0001058090-19-000038,Revenues,Revenues,False
CMG,1058090,2019,4,2019-10-01,2019-12-31,92,1440224000.0,1440224000.0,False,2020-02-05,10-K,0001058090-20-000010,Revenues,Revenues,False
CMG,1058090,2020,1,2020-01-01,2020-03-31,91,1410772000.0,1410772000.0,False,2020-04-29,10-Q,0001058090-20-000020,Revenues,Revenues,False
CMG,1058090,2020,2,2020-04-01,2020-06-30,91,1364738000.0,1364738000.0,False,2020-07-29,10-Q,0001058090-20-000031,Revenues,Revenues,False
CMG,1058090,2020,3,2020-07-01,2020-09-30,92,1601414000.0,1601414000.0,False,2020-10-28,10-Q,0001058090-20-000041,Revenues,Revenues,False
CMG,1058090,2020,4,2020-10-01,2020-12-31,92,1607710000.0,1607710000.0,False,2021-02-10,10-K,0001058090-21-000010,Revenues,Revenues,False
CMG,1058090,2021,1,2021-01-01,2021-03-31,90,1741575000.0,1741575000.0,False,2021-04-29,10-Q,0001058090-21-000022,Revenues,Revenues,False
CMG,1058090,2021,2,2021-04-01,2021-06-30,91,1892538000.0,1892538000.0,False,2021-07-23,10-Q,0001058090-21-000039,Revenues,Revenues,False
CMG,1058090,2021,3,2021-07-01,2021-09-30,92,1952315000.0,1952315000.0,False,2021-10-27,10-Q,0001562762-21-000375,Revenues,Revenues,False
CMG,1058090,2021,4,2021-10-01,2021-12-31,92,1960633000.0,1960633000.0,False,2022-02-11,10-K,0001058090-22-000011,Revenues,Revenues,True
CMG,1058090,2022,1,2022-01-01,2022-03-31,90,2020539000.0,2020539000.0,False,2022-04-28,10-Q,0001058090-22-000027,Revenues,Revenues,False
CMG,1058090,2022,2,2022-04-01,2022-06-30,91,2213339000.0,2213339000.0,False,2022-07-27,10-Q,0001058090-22-000036,Revenues,Revenues,False
CMG,1058090,2022,3,2022-07-01,2022-09-30,92,2220175000.0,2220175000.0,False,2022-10-26,10-Q,0001058090-22-000043,Revenues,Revenues,False
CMG,1058090,2022,4,2022-10-01,2022-12-31,92,2180599000.0,2180599000.0,False,2023-02-09,10-K,0001058090-23-000010,Revenues,Revenues,True
CMG,1058090,2023,1,2023-01-01,2023-03-31,90,2368580000.0,2368580000.0,False,2023-04-27,10-Q,0001058090-23-000020,Revenues,Revenues,False
CMG,1058090,2023,2,2023-04-01,2023-06-30,91,2514801000.0,2514801000.0,False,2023-07-28,10-Q,0001058090-23-000030,Revenues,Revenues,False
CMG,1058090,2023,3,2023-07-01,2023-09-30,92,2471948000.0,2471948000.0,False,2023-10-27,10-Q,0001058090-23-000041,Revenues,Revenues,False
CMG,1058090,2023,4,2023-10-01,2023-12-31,92,2516320000.0,2516320000.0,False,2024-02-08,10-K,0001562762-24-000023,Revenues,Revenues,True
CMG,1058090,2024,1,2024-01-01,2024-03-31,91,2701848000.0,2701848000.0,False,2024-04-25,10-Q,0001058090-24-000015,Revenues,Revenues,False
CMG,1058090,2024,2,2024-04-01,2024-06-30,91,2973117000.0,2973117000.0,False,2024-07-25,10-Q,0001058090-24-000032,Revenues,Revenues,False
CMG,1058090,2024,3,2024-07-01,2024-09-30,92,2793576000.0,2793576000.0,False,2024-10-30,10-Q,0001058090-24-000050,Revenues,Revenues,False
CMG,1058090,2024,4,2024-10-01,2024-12-31,92,2845312000.0,2845312000.0,False,2025-02-05,10-K,0001058090-25-000014,Revenues,Revenues,True
CMG,1058090,2025,1,2025-01-01,2025-03-31,90,2875253000.0,2875253000.0,False,2025-04-24,10-Q,0001058090-25-000031,Revenues,Revenues,False
CMG,1058090,2025,2,2025-04-01,2025-06-30,91,3063393000.0,3063393000.0,False,2025-07-24,10-Q,0001058090-25-000056,Revenues,Revenues,False
CMG,1058090,2025,3,2025-07-01,2025-09-30,92,3003444000.0,3003444000.0,False,2025-10-30,10-Q,0001058090-25-000088,Revenues,Revenues,False
CMG,1058090,2025,4,2025-10-01,2025-12-31,92,2983511000.0,2983511000.0,False,2026-02-04,10-K,0001058090-26-000009,Revenues,Revenues,True
CMG,1058090,2026,1,2026-01-01,2026-03-31,90,3088242000.0,3088242000.0,False,2026-04-30,10-Q,0001058090-26-000028,Revenues,Revenues,False
CMG,1058090,2026,2,2026-04-01,2026-06-30,91,3348562000.0,3348562000.0,False,2026-07-31,10-Q,0001058090-26-000066,Revenues,Revenues,False
COST,909832,2016,2,2015-11-23,2016-02-14,84,28170000000.0,28170000000.0,False,2016-03-09,10-Q,0000909832-16-000023,Revenues,Revenues,False
COST,909832,2016,3,2016-02-15,2016-05-08,84,26769000000.0,26769000000.0,False,2016-06-01,10-Q,0000909832-16-000028,Revenues,Revenues,False
COST,909832,2016,4,2016-05-09,2016-08-28,112,36560000000.0,36560000000.0,False,2016-10-12,10-K,0000909832-16-000032,Revenues,Revenues,False
COST,909832,2017,1,2016-08-29,2016-11-20,84,28099000000.0,28099000000.0,False,2016-12-16,10-Q,0000909832-16-000040,Revenues,Revenues,False
COST,909832,2017,2,2016-11-21,2017-02-12,84,29766000000.0,29766000000.0,False,2017-03-09,10-Q,0000909832-17-000004,Revenues,Revenues,False
COST,909832,2017,3,2017-02-13,2017-05-07,84,28860000000.0,28860000000.0,False,2017-06-01,10-Q,0000909832-17-000009,Revenues,Revenues,False
COST,909832,2017,4,2017-05-08,2017-09-03,119,42300000000.0,42300000000.0,False,2017-10-18,10-K,0000909832-17-000014,Revenues,Revenues,False
COST,909832,2018,1,2017-09-04,2017-11-26,84,31809000000.0,31809000000.0,False,2017-12-21,10-Q,0000909832-17-000022,Revenues,Revenues,False
COST,909832,2018,2,2017-11-27,2018-02-18,84,32995000000.0,32995000000.0,False,2018-03-15,10-Q,0000909832-18-000002,Revenues,Revenues,False
COST,909832,2018,3,2018-02-19,2018-05-13,84,32361000000.0,32361000000.0,False,2018-06-07,10-Q,0000909832-18-000008,Revenues,Revenues,False
COST,909832,2018,4,2018-05-14,2018-09-02,112,44411000000.0,44411000000.0,False,2018-10-26,10-K,0000909832-18-000013,RevenueFromContractWithCustomerExcludingAssessedTax,Revenues,False
COST,909832,2019,1,2018-09-03,2018-11-25,84,35069000000.0,35069000000.0,False,2018-12-20,10-Q,0000909832-18-000022,Revenues,Revenues,False
COST,909832,2019,2,2018-11-26,2019-02-17,84,35396000000.0,35396000000.0,False,2019-03-13,10-Q,0000909832-19-000003,Revenues,Revenues,False
COST,909832,2019,3,2019-02-18,2019-05-12,84,34740000000.0,34740000000.0,False,2019-06-06,10-Q,0000909832-19-000013,Revenues,Revenues,False
COST,909832,2019,4,2019-05-13,2019-09-01,112,47498000000.0,47498000000.0,False,2019-10-11,10-K,0000909832-19-000019,RevenueFromContractWithCustomerExcludingAssessedTax,Revenues,False
COST,909832,2020,1,2019-09-02,2019-11-24,84,37040000000.0,37040000000.0,False,2019-12-23,10-Q,0000909832-19-000033,Revenues,Revenues,False
COST,909832,2020,2,2019-11-25,2020-02-16,84,39072000000.0,39072000000.0,False,2020-03-12,10-Q,0000909832-20-000004,Revenues,Revenues,False
COST,909832,2020,3,2020-02-17,2020-05-10,84,37266000000.0,37266000000.0,False,2020-06-04,10-Q,0000909832-20-000009,Revenues,Revenues,False
COST,909832,2020,4,2020-05-11,2020-08-30,112,53383000000.0,53383000000.0,False,2020-10-07,10-K,0000909832-20-000017,RevenueFromContractWithCustomerExcludingAssessedTax,Revenues,False
COST,909832,2021,1,2020-08-31,2020-11-22,84,43208000000.0,43208000000.0,False,2020-12-16,10-Q,0000909832-20-000026,Revenues,Revenues,False
COST,909832,2021,2,2020-11-23,2021-02-14,84,44769000000.0,44769000000.0,False,2021-03-10,10-Q,0000909832-21-000003,Revenues,Revenues,False
COST,909832,2021,3,2021-02-15,2021-05-09,84,45277000000.0,45277000000.0,False,2021-06-03,10-Q,0000909832-21-000008,Revenues,Revenues,False
COST,909832,2021,4,2021-05-10,2021-08-29,112,62675000000.0,62675000000.0,False,2021-10-06,10-K,0000909832-21-000014,Revenues,Revenues,True
COST,909832,2022,1,2021-08-30,2021-11-21,84,50363000000.0,50363000000.0,False,2021-12-22,10-Q,0000909832-21-000021,Revenues,Revenues,False
COST,909832,2022,2,2021-11-22,2022-02-13,84,51904000000.0,51904000000.0,False,2022-03-10,10-Q,0000909832-22-000005,Revenues,Revenues,False
COST,909832,2022,3,2022-02-14,2022-05-08,84,52596000000.0,52596000000.0,False,2022-06-02,10-Q,0000909832-22-000014,Revenues,Revenues,False
COST,909832,2022,4,2022-05-09,2022-08-28,112,72091000000.0,72091000000.0,False,2022-10-05,10-K,0000909832-22-000021,Revenues,Revenues,True
COST,909832,2023,1,2022-08-29,2022-11-20,84,54437000000.0,54437000000.0,False,2022-12-29,10-Q,0000909832-22-000035,Revenues,Revenues,False
COST,909832,2023,2,2022-11-21,2023-02-12,84,55266000000.0,55266000000.0,False,2023-03-09,10-Q,0000909832-23-000014,Revenues,Revenues,False
COST,909832,2023,3,2023-02-13,2023-05-07,84,53648000000.0,53648000000.0,False,2023-06-01,10-Q,0000909832-23-000028,Revenues,Revenues,False
COST,909832,2023,4,2023-05-08,2023-09-03,119,78939000000.0,78939000000.0,False,2023-10-11,10-K,0000909832-23-000042,Revenues,Revenues,True
COST,909832,2024,1,2023-09-04,2023-11-26,84,57799000000.0,57799000000.0,False,2023-12-20,10-Q,0000909832-23-000065,Revenues,Revenues,False
COST,909832,2024,2,2023-11-27,2024-02-18,84,58442000000.0,58442000000.0,False,2024-03-13,10-Q,0000909832-24-000017,Revenues,Revenues,False
COST,909832,2024,3,2024-02-19,2024-05-12,84,58515000000.0,58515000000.0,False,2024-06-06,10-Q,0000909832-24-000029,Revenues,Revenues,False
COST,909832,2024,4,2024-05-13,2024-09-01,112,79697000000.0,79697000000.0,False,2024-10-09,10-K,0000909832-24-000049,Revenues,Revenues,True
COST,909832,2025,1,2024-09-02,2024-11-24,84,62151000000.0,62151000000.0,False,2024-12-19,10-Q,0000909832-24-000079,Revenues,Revenues,False
COST,909832,2025,2,2024-11-25,2025-02-16,84,63723000000.0,63723000000.0,False,2025-03-13,10-Q,0000909832-25-000015,Revenues,Revenues,False
COST,909832,2025,3,2025-02-17,2025-05-11,84,63205000000.0,63205000000.0,False,2025-06-05,10-Q,0000909832-25-000033,Revenues,Revenues,False
COST,909832,2025,4,2025-05-12,2025-08-31,112,86156000000.0,86156000000.0,False,2025-10-08,10-K,0000909832-25-000101,Revenues,Revenues,True
COST,909832,2026,1,2025-09-01,2025-11-23,84,67307000000.0,67307000000.0,False,2025-12-17,10-Q,0000909832-25-000169,Revenues,Revenues,False
COST,909832,2026,2,2025-11-24,2026-02-15,84,69597000000.0,69597000000.0,False,2026-03-11,10-Q,0000909832-26-000029,Revenues,Revenues,False
COST,909832,2026,3,2026-02-16,2026-05-10,84,70527000000.0,70527000000.0,False,2026-06-03,10-Q,0000909832-26-000051,RevenueFromContractWithCustomerExcludingAssessedTax,Revenues,False
DASH,1792789,2020,1,2020-01-01,2020-03-31,91,362000000.0,362000000.0,False,2021-05-14,10-Q,0001628280-21-010313,RevenueFromContractWithCustomerExcludingAssessedTax,RevenueFromContractWithCustomerExcludingAssessedTax,False
DASH,1792789,2020,2,2020-04-01,2020-06-30,91,675000000.0,675000000.0,False,2021-08-13,10-Q,0001628280-21-016985,RevenueFromContractWithCustomerExcludingAssessedTax,RevenueFromContractWithCustomerExcludingAssessedTax,False
DASH,1792789,2020,3,2020-07-01,2020-09-30,92,879000000.0,879000000.0,False,2021-11-10,10-Q,0001628280-21-022884,RevenueFromContractWithCustomerExcludingAssessedTax,RevenueFromContractWithCustomerExcludingAssessedTax,False
DASH,1792789,2020,4,2020-10-01,2020-12-31,92,970000000.0,970000000.0,False,2021-03-05,10-K,0001628280-21-004032,RevenueFromContractWithCustomerExcludingAssessedTax,RevenueFromContractWithCustomerExcludingAssessedTax,True
DASH,1792789,2021,1,2021-01-01,2021-03-31,90,1077000000.0,1077000000.0,False,2021-05-14,10-Q,0001628280-21-010313,RevenueFromContractWithCustomerExcludingAssessedTax,RevenueFromContractWithCustomerExcludingAssessedTax,False
DASH,1792789,2021,2,2021-04-01,2021-06-30,91,1236000000.0,1236000000.0,False,2021-08-13,10-Q,0001628280-21-016985,RevenueFromContractWithCustomerExcludingAssessedTax,RevenueFromContractWithCustomerExcludingAssessedTax,False
DASH,1792789,2021,3,2021-07-01,2021-09-30,92,1275000000.0,1275000000.0,False,2021-11-10,10-Q,0001628280-21-022884,RevenueFromContractWithCustomerExcludingAssessedTax,RevenueFromContractWithCustomerExcludingAssessedTax,False
DASH,1792789,2021,4,2021-10-01,2021-12-31,92,1300000000.0,1300000000.0,False,2022-03-01,10-K,0001628280-22-004350,RevenueFromContractWithCustomerExcludingAssessedTax,RevenueFromContractWithCustomerExcludingAssessedTax,True
DASH,1792789,2022,1,2022-01-01,2022-03-31,90,1456000000.0,1456000000.0,False,2022-05-06,10-Q,0001628280-22-013038,RevenueFromContractWithCustomerExcludingAssessedTax,RevenueFromContractWithCustomerExcludingAssessedTax,False
DASH,1792789,2022,2,2022-04-01,2022-06-30,91,1608000000.0,1608000000.0,False,2022-08-05,10-Q,0001628280-22-021372,RevenueFromContractWithCustomerExcludingAssessedTax,RevenueFromContractWithCustomerExcludingAssessedTax,False
DASH,1792789,2022,3,2022-07-01,2022-09-30,92,1701000000.0,1701000000.0,False,2022-11-04,10-Q,0001628280-22-028457,RevenueFromContractWithCustomerExcludingAssessedTax,RevenueFromContractWithCustomerExcludingAssessedTax,False
DASH,1792789,2022,4,2022-10-01,2022-12-31,92,1818000000.0,1818000000.0,False,2023-02-27,10-K,0001628280-23-005131,RevenueFromContractWithCustomerExcludingAssessedTax,RevenueFromContractWithCustomerExcludingAssessedTax,True
DASH,1792789,2023,1,2023-01-01,2023-03-31,90,2035000000.0,2035000000.0,False,2023-05-05,10-Q,0001628280-23-016140,RevenueFromContractWithCustomerExcludingAssessedTax,RevenueFromContractWithCustomerExcludingAssessedTax,False
DASH,1792789,2023,2,2023-04-01,2023-06-30,91,2133000000.0,2133000000.0,False,2023-08-02,10-Q,0001628280-23-026756,RevenueFromContractWithCustomerExcludingAssessedTax,RevenueFromContractWithCustomerExcludingAssessedTax,False
DASH,1792789,2023,3,2023-07-01,2023-09-30,92,2164000000.0,2164000000.0,False,2023-11-01,10-Q,0001628280-23-035973,RevenueFromContractWithCustomerExcludingAssessedTax,RevenueFromContractWithCustomerExcludingAssessedTax,False
DASH,1792789,2023,4,2023-10-01,2023-12-31,92,2303000000.0,2303000000.0,False,2024-02-20,10-K,0001628280-24-005600,RevenueFromContractWithCustomerExcludingAssessedTax,RevenueFromContractWithCustomerExcludingAssessedTax,True
DASH,1792789,2024,1,2024-01-01,2024-03-31,91,2513000000.0,2513000000.0,False,2024-05-01,10-Q,0001628280-24-019605,RevenueFromContractWithCustomerExcludingAssessedTax,RevenueFromContractWithCustomerExcludingAssessedTax,False
DASH,1792789,2024,2,2024-04-01,2024-06-30,91,2630000000.0,2630000000.0,False,2024-08-01,10-Q,0001628280-24-034131,RevenueFromContractWithCustomerExcludingAssessedTax,RevenueFromContractWithCustomerExcludingAssessedTax,False
DASH,1792789,2024,3,2024-07-01,2024-09-30,92,2706000000.0,2706000000.0,False,2024-10-30,10-Q,0001628280-24-044312,RevenueFromContractWithCustomerExcludingAssessedTax,RevenueFromContractWithCustomerExcludingAssessedTax,False
DASH,1792789,2024,4,2024-10-01,2024-12-31,92,2873000000.0,2873000000.0,False,2025-02-14,10-K,0001628280-25-005715,RevenueFromContractWithCustomerExcludingAssessedTax,RevenueFromContractWithCustomerExcludingAssessedTax,True
DASH,1792789,2025,1,2025-01-01,2025-03-31,90,3032000000.0,3032000000.0,False,2025-05-07,10-Q,0001628280-25-023171,RevenueFromContractWithCustomerExcludingAssessedTax,RevenueFromContractWithCustomerExcludingAssessedTax,False
DASH,1792789,2025,2,2025-04-01,2025-06-30,91,3284000000.0,3284000000.0,False,2025-08-06,10-Q,0001792789-25-000012,RevenueFromContractWithCustomerExcludingAssessedTax,RevenueFromContractWithCustomerExcludingAssessedTax,False
DASH,1792789,2025,3,2025-07-01,2025-09-30,92,3446000000.0,3446000000.0,False,2025-11-06,10-Q,0001792789-25-000020,RevenueFromContractWithCustomerExcludingAssessedTax,RevenueFromContractWithCustomerExcludingAssessedTax,False
DASH,1792789,2025,4,2025-10-01,2025-12-31,92,3955000000.0,3955000000.0,False,2026-02-18,10-K,0001792789-26-000013,RevenueFromContractWithCustomerExcludingAssessedTax,RevenueFromContractWithCustomerExcludingAssessedTax,True
DASH,1792789,2026,1,2026-01-01,2026-03-31,90,4036000000.0,4036000000.0,False,2026-05-06,10-Q,0001792789-26-000037,RevenueFromContractWithCustomerExcludingAssessedTax,RevenueFromContractWithCustomerExcludingAssessedTax,False
DASH,1792789,2026,2,2026-04-01,2026-06-30,91,4454000000.0,4454000000.0,False,2026-08-05,10-Q,0001792789-26-000050,RevenueFromContractWithCustomerExcludingAssessedTax,RevenueFromContractWithCustomerExcludingAssessedTax,False
DG,29534,2016,4,2015-10-31,2016-01-29,91,5286938000.0,5286938000.0,False,2016-03-22,10-K,0001047469-16-011420,SalesRevenueGoodsNet,RevenueFromContractWithCustomerExcludingAssessedTax,False
DG,29534,2017,1,2016-01-30,2016-04-29,91,5265432000.0,5265432000.0,False,2016-05-26,10-Q,0001104659-16-123482,SalesRevenueGoodsNet,RevenueFromContractWithCustomerExcludingAssessedTax,False
DG,29534,2017,2,2016-04-30,2016-07-29,91,5391891000.0,5391891000.0,False,2016-08-25,10-Q,0001104659-16-141285,SalesRevenueGoodsNet,RevenueFromContractWithCustomerExcludingAssessedTax,False
DG,29534,2017,3,2016-07-30,2016-10-28,91,5320029000.0,5320029000.0,False,2016-12-01,10-Q,0001558370-16-010321,SalesRevenueGoodsNet,RevenueFromContractWithCustomerExcludingAssessedTax,False
DG,29534,2017,4,2016-10-29,2017-02-03,98,6009246000.0,6009246000.0,False,2017-03-24,10-K,0001558370-17-002116,SalesRevenueGoodsNet,RevenueFromContractWithCustomerExcludingAssessedTax,False
DG,29534,2018,1,2017-02-04,2017-05-05,91,5609625000.0,5609625000.0,False,2017-06-01,10-Q,0001558370-18-005033,RevenueFromContractWithCustomerExcludingAssessedTax,RevenueFromContractWithCustomerExcludingAssessedTax,False
DG,29534,2018,2,2017-05-06,2017-08-04,91,5828305000.0,5828305000.0,False,2017-08-31,10-Q,0001558370-18-007294,RevenueFromContractWithCustomerExcludingAssessedTax,RevenueFromContractWithCustomerExcludingAssessedTax,False
DG,29534,2018,3,2017-08-05,2017-11-03,91,5903606000.0,5903606000.0,False,2017-12-07,10-Q,0001558370-18-009556,RevenueFromContractWithCustomerExcludingAssessedTax,RevenueFromContractWithCustomerExcludingAssessedTax,False
DG,29534,2018,4,2017-11-04,2018-02-02,91,6129431000.0,6129431000.0,False,2018-03-23,10-K,0001558370-19-002383,RevenueFromContractWithCustomerExcludingAssessedTax,RevenueFromContractWithCustomerExcludingAssessedTax,False
DG,29534,2019,1,2018-02-03,2018-05-04,91,6114463000.0,6114463000.0,False,2018-05-31,10-Q,0001558370-18-005033,RevenueFromContractWithCustomerExcludingAssessedTax,RevenueFromContractWithCustomerExcludingAssessedTax,False
DG,29534,2019,2,2018-05-05,2018-08-03,91,6443309000.0,6443309000.0,False,2018-08-30,10-Q,0001558370-18-007294,RevenueFromContractWithCustomerExcludingAssessedTax,RevenueFromContractWithCustomerExcludingAssessedTax,False
DG,29534,2019,3,2018-08-04,2018-11-02,91,6417462000.0,6417462000.0,False,2018-12-04,10-Q,0001558370-18-009556,RevenueFromContractWithCustomerExcludingAssessedTax,RevenueFromContractWithCustomerExcludingAssessedTax,False
DG,29534,2019,4,2018-11-03,2019-02-01,91,6649809000.0,6649809000.0,False,2019-03-22,10-K,0001558370-19-002383,RevenueFromContractWithCustomerExcludingAssessedTax,RevenueFromContractWithCustomerExcludingAssessedTax,False
DG,29534,2020,1,2019-02-02,2019-05-03,91,6623185000.0,6623185000.0,False,2019-05-30,10-Q,0001558370-19-005361,RevenueFromContractWithCustomerExcludingAssessedTax,RevenueFromContractWithCustomerExcludingAssessedTax,False
DG,29534,2020,2,2019-05-04,2019-08-02,91,6981753000.0,6981753000.0,False,2019-08-29,10-Q,0001558370-19-008369,RevenueFromContractWithCustomerExcludingAssessedTax,RevenueFromContractWithCustomerExcludingAssessedTax,False
DG,29534,2020,3,2019-08-03,2019-11-01,91,6991393000.0,6991393000.0,False,2019-12-05,10-Q,0001558370-19-011341,RevenueFromContractWithCustomerExcludingAssessedTax,RevenueFromContractWithCustomerExcludingAssessedTax,False
DG,29534,2020,4,2019-11-02,2020-01-31,91,7157642000.0,7157642000.0,False,2020-03-19,10-K,0001558370-20-002915,RevenueFromContractWithCustomerExcludingAssessedTax,RevenueFromContractWithCustomerExcludingAssessedTax,False
DG,29534,2021,1,2020-02-01,2020-05-01,91,8448449000.0,8448449000.0,False,2020-05-28,10-Q,0001558370-20-007046,RevenueFromContractWithCustomerExcludingAssessedTax,RevenueFromContractWithCustomerExcludingAssessedTax,False
DG,29534,2021,2,2020-05-02,2020-07-31,91,8684241000.0,8684241000.0,False,2020-08-27,10-Q,0001558370-20-010856,RevenueFromContractWithCustomerExcludingAssessedTax,RevenueFromContractWithCustomerExcludingAssessedTax,False
DG,29534,2021,3,2020-08-01,2020-10-30,91,8199625000.0,8199625000.0,False,2020-12-03,10-Q,0001558370-20-014156,RevenueFromContractWithCustomerExcludingAssessedTax,RevenueFromContractWithCustomerExcludingAssessedTax,False
DG,29534,2021,4,2020-10-31,2021-01-29,91,8414524000.0,8414524000.0,False,2021-03-19,10-K,0001558370-21-003245,RevenueFromContractWithCustomerExcludingAssessedTax,RevenueFromContractWithCustomerExcludingAssessedTax,False
DG,29534,2022,1,2021-01-30,2021-04-30,91,8400964000.0,8400964000.0,False,2021-05-27,10-Q,0001558370-21-007762,RevenueFromContractWithCustomerExcludingAssessedTax,RevenueFromContractWithCustomerExcludingAssessedTax,False
DG,29534,2022,2,2021-05-01,2021-07-30,91,8650198000.0,8650198000.0,False,2021-08-26,10-Q,0001558370-21-012076,RevenueFromContractWithCustomerExcludingAssessedTax,RevenueFromContractWithCustomerExcludingAssessedTax,False
DG,29534,2022,3,2021-07-31,2021-10-29,91,8517839000.0,8517839000.0,False,2021-12-02,10-Q,0001558370-21-016455,RevenueFromContractWithCustomerExcludingAssessedTax,RevenueFromContractWithCustomerExcludingAssessedTax,False
DG,29534,2022,4,2021-10-30,2022-01-28,91,8651448000.0,8651448000.0,False,2022-03-18,10-K,0001558370-22-003921,RevenueFromContractWithCustomerExcludingAssessedTax,RevenueFromContractWithCustomerExcludingAssessedTax,True
DG,29534,2023,1,2022-01-29,2022-04-29,91,8751352000.0,8751352000.0,False,2022-05-26,10-Q,0001558370-22-009363,RevenueFromContractWithCustomerExcludingAssessedTax,RevenueFromContractWithCustomerExcludingAssessedTax,False
DG,29534,2023,2,2022-04-30,2022-07-29,91,9425713000.0,9425713000.0,False,2022-08-25,10-Q,0001558370-22-013950,RevenueFromContractWithCustomerExcludingAssessedTax,RevenueFromContractWithCustomerExcludingAssessedTax,False
DG,29534,2023,3,2022-07-30,2022-10-28,91,9464891000.0,9464891000.0,False,2022-12-01,10-Q,0001558370-22-018302,RevenueFromContractWithCustomerExcludingAssessedTax,RevenueFromContractWithCustomerExcludingAssessedTax,False
DG,29534,2023,4,2022-10-29,2023-02-03,98,10202907000.0,10202907000.0,False,2023-03-24,10-K,0001558370-23-004574,RevenueFromContractWithCustomerExcludingAssessedTax,RevenueFromContractWithCustomerExcludingAssessedTax,True
DG,29534,2024,1,2023-02-04,2023-05-05,91,9342832000.0,9342832000.0,False,2023-06-01,10-Q,0001558370-23-010690,RevenueFromContractWithCustomerExcludingAssessedTax,RevenueFromContractWithCustomerExcludingAssessedTax,False
DG,29534,2024,2,2023-05-06,2023-08-04,91,9796181000.0,9796181000.0,False,2023-08-31,10-Q,0001558370-23-015376,RevenueFromContractWithCustomerExcludingAssessedTax,RevenueFromContractWithCustomerExcludingAssessedTax,False
DG,29534,2024,3,2023-08-05,2023-11-03,91,9694082000.0,9694082000.0,False,2023-12-07,10-Q,0001558370-23-019576,RevenueFromContractWithCustomerExcludingAssessedTax,RevenueFromContractWithCustomerExcludingAssessedTax,False
DG,29534,2024,4,2023-11-04,2024-02-02,91,9858514000.0,9858514000.0,False,2024-03-25,10-K,0001558370-24-003813,RevenueFromContractWithCustomerExcludingAssessedTax,RevenueFromContractWithCustomerExcludingAssessedTax,True
DG,29534,2025,1,2024-02-03,2024-05-03,91,9914021000.0,9914021000.0,False,2024-05-30,10-Q,0001558370-24-008742,RevenueFromContractWithCustomerExcludingAssessedTax,RevenueFromContractWithCustomerExcludingAssessedTax,False
DG,29534,2025,2,2024-05-04,2024-08-02,91,10210361000.0,10210361000.0,False,2024-08-29,10-Q,0001558370-24-012525,RevenueFromContractWithCustomerExcludingAssessedTax,RevenueFromContractWithCustomerExcludingAssessedTax,False
DG,29534,2025,3,2024-08-03,2024-11-01,91,10183428000.0,10183428000.0,False,2024-12-05,10-Q,0001558370-24-016024,RevenueFromContractWithCustomerExcludingAssessedTax,RevenueFromContractWithCustomerExcludingAssessedTax,False
DG,29534,2025,4,2024-11-02,2025-01-31,91,10304498000.0,10304498000.0,False,2025-03-21,10-K,0001558370-25-003413,RevenueFromContractWithCustomerExcludingAssessedTax,RevenueFromContractWithCustomerExcludingAssessedTax,True
DG,29534,2026,1,2025-02-01,2025-05-02,91,10435979000.0,10435979000.0,False,2025-06-03,10-Q,0001558370-25-008354,RevenueFromContractWithCustomerExcludingAssessedTax,RevenueFromContractWithCustomerExcludingAssessedTax,False
DG,29534,2026,2,2025-05-03,2025-08-01,91,10727737000.0,10727737000.0,False,2025-08-28,10-Q,0001558370-25-011786,RevenueFromContractWithCustomerExcludingAssessedTax,RevenueFromContractWithCustomerExcludingAssessedTax,False
DG,29534,2026,3,2025-08-02,2025-10-31,91,10649450000.0,10649450000.0,False,2025-12-04,10-Q,0001104659-25-118289,RevenueFromContractWithCustomerExcludingAssessedTax,RevenueFromContractWithCustomerExcludingAssessedTax,False
DG,29534,2026,4,2025-11-01,2026-01-30,91,10911203000.0,10911203000.0,False,2026-03-20,10-K,0001104659-26-032325,RevenueFromContractWithCustomerExcludingAssessedTax,RevenueFromContractWithCustomerExcludingAssessedTax,True
DG,29534,2027,1,2026-01-31,2026-05-01,91,10786965000.0,10786965000.0,False,2026-06-02,10-Q,0001104659-26-069205,RevenueFromContractWithCustomerExcludingAssessedTax,RevenueFromContractWithCustomerExcludingAssessedTax,False
DG,29534,2027,2,2026-05-02,2026-07-31,91,11290380000.0,11290380000.0,False,2026-08-27,10-Q,0001104659-26-101932,RevenueFromContractWithCustomerExcludingAssessedTax,RevenueFromContractWithCustomerExcludingAssessedTax,False
DPZ,1286681,2015,4,2015-09-07,2016-01-03,119,741183000.0,741183000.0,False,2016-02-25,10-K,0001193125-16-476935,Revenues,Revenues,False
DPZ,1286681,2016,1,2016-01-04,2016-03-27,84,539175000.0,539175000.0,False,2016-04-28,10-Q,0001193125-16-561086,Revenues,Revenues,False
DPZ,1286681,2016,2,2016-03-28,2016-06-19,84,547341000.0,547341000.0,False,2016-07-21,10-Q,0001193125-16-653070,Revenues,Revenues,False
DPZ,1286681,2016,3,2016-06-20,2016-09-11,84,566677000.0,566677000.0,False,2016-10-18,10-Q,0001193125-16-740199,Revenues,Revenues,False
DPZ,1286681,2016,4,2016-09-12,2017-01-01,112,819435000.0,819435000.0,False,2017-02-28,10-K,0001193125-17-060262,Revenues,Revenues,False
DPZ,1286681,2017,1,2017-01-02,2017-03-26,84,624217000.0,624217000.0,False,2017-04-27,10-Q,0001193125-17-140952,Revenues,Revenues,False
DPZ,1286681,2017,2,2017-03-27,2017-06-18,84,628611000.0,628611000.0,False,2017-07-25,10-Q,0001193125-17-234412,Revenues,Revenues,False
DPZ,1286681,2017,3,2017-06-19,2017-09-10,84,643642000.0,643642000.0,False,2017-10-12,10-Q,0001193125-17-308404,Revenues,Revenues,False
DPZ,1286681,2017,4,2017-09-11,2017-12-31,112,891509000.0,891509000.0,False,2018-02-20,10-K,0001193125-18-049576,Revenues,Revenues,False
DPZ,1286681,2018,1,2018-01-01,2018-03-25,84,785371000.0,785371000.0,False,2018-04-26,10-Q,0001193125-18-132848,Revenues,Revenues,False
DPZ,1286681,2018,2,2018-03-26,2018-06-17,84,779396000.0,779396000.0,False,2018-07-19,10-Q,0001193125-18-220984,Revenues,Revenues,False
DPZ,1286681,2018,3,2018-06-18,2018-09-09,84,785965000.0,785965000.0,False,2018-10-16,10-Q,0001193125-18-299738,Revenues,Revenues,False
DPZ,1286681,2018,4,2018-09-10,2018-12-30,112,1082135000.0,1082135000.0,False,2019-02-21,10-K,0001193125-19-046191,Revenues,Revenues,False
DPZ,1286681,2019,1,2018-12-31,2019-03-24,84,835963000.0,835963000.0,False,2019-04-24,10-Q,0001193125-19-115719,Revenues,Revenues,False
DPZ,1286681,2019,2,2019-03-25,2019-06-16,84,811647000.0,811647000.0,False,2019-07-16,10-Q,0001193125-19-194379,Revenues,Revenues,False
DPZ,1286681,2019,3,2019-06-17,2019-09-08,84,820812000.0,820812000.0,False,2019-10-08,10-Q,0001193125-19-264105,Revenues,Revenues,False
DPZ,1286681,2019,4,2019-09-09,2019-12-29,112,1150352000.0,1150352000.0,False,2020-02-20,10-K,0001193125-20-042675,Revenues,Revenues,False
DPZ,1286681,2020,1,2019-12-30,2020-03-22,84,873102000.0,873102000.0,False,2020-04-23,10-Q,0001193125-20-115907,Revenues,Revenues,False
DPZ,1286681,2020,2,2020-03-23,2020-06-14,84,920023000.0,920023000.0,False,2020-07-16,10-Q,0001193125-20-193699,Revenues,Revenues,False
DPZ,1286681,2020,3,2020-06-15,2020-09-06,84,967719000.0,967719000.0,False,2020-10-08,10-Q,0001193125-20-265920,Revenues,Revenues,False
DPZ,1286681,2020,4,2020-09-07,2021-01-03,119,1356567000.0,1356567000.0,False,2021-02-25,10-K,0001193125-21-055734,Revenues,Revenues,True
DPZ,1286681,2021,1,2021-01-04,2021-03-28,84,983698000.0,983698000.0,False,2021-04-29,10-Q,0001193125-21-138350,Revenues,Revenues,False
DPZ,1286681,2021,2,2021-03-29,2021-06-20,84,1032472000.0,1032472000.0,False,2021-07-22,10-Q,0001193125-21-221398,Revenues,Revenues,False
DPZ,1286681,2021,3,2021-06-21,2021-09-12,84,997990000.0,997990000.0,False,2021-10-14,10-Q,0000950170-21-002121,Revenues,Revenues,False
DPZ,1286681,2021,4,2021-09-13,2022-01-02,112,1343213000.0,1343213000.0,False,2022-03-01,10-K,0000950170-22-002426,Revenues,Revenues,True
DPZ,1286681,2022,1,2022-01-03,2022-03-27,84,1011149000.0,1011149000.0,False,2022-04-28,10-Q,0000950170-22-006436,Revenues,Revenues,False
DPZ,1286681,2022,2,2022-03-28,2022-06-19,84,1065182000.0,1065182000.0,False,2022-07-21,10-Q,0000950170-22-012843,Revenues,Revenues,False
DPZ,1286681,2022,3,2022-06-20,2022-09-11,84,1068596000.0,1068596000.0,False,2022-10-13,10-Q,0000950170-22-019533,Revenues,Revenues,False
DPZ,1286681,2022,4,2022-09-12,2023-01-01,112,1392231000.0,1392231000.0,False,2023-02-23,10-K,0000950170-23-003938,Revenues,Revenues,True
DPZ,1286681,2023,1,2023-01-02,2023-03-26,84,1024398000.0,1024398000.0,False,2023-04-27,10-Q,0000950170-23-015004,Revenues,Revenues,False
DPZ,1286681,2023,2,2023-03-27,2023-06-18,84,1024627000.0,1024627000.0,False,2023-07-24,10-Q,0000950170-23-033925,Revenues,Revenues,False
DPZ,1286681,2023,3,2023-06-19,2023-09-10,84,1027361000.0,1027361000.0,False,2023-10-12,10-Q,0000950170-23-052997,Revenues,Revenues,False
DPZ,1286681,2023,4,2023-09-11,2023-12-31,112,1402972000.0,1402972000.0,False,2024-02-26,10-K,0000950170-24-019725,Revenues,Revenues,True
DPZ,1286681,2024,1,2024-01-01,2024-03-24,84,1084647000.0,1084647000.0,False,2024-04-29,10-Q,0000950170-24-049419,Revenues,Revenues,False
DPZ,1286681,2024,2,2024-03-25,2024-06-16,84,1097736000.0,1097736000.0,False,2024-07-18,10-Q,0000950170-24-084431,Revenues,Revenues,False
DPZ,1286681,2024,3,2024-06-17,2024-09-08,84,1080119000.0,1080119000.0,False,2024-10-10,10-Q,0000950170-24-113947,Revenues,Revenues,False
DPZ,1286681,2024,4,2024-09-09,2024-12-29,112,1443914000.0,1443914000.0,False,2025-02-24,10-K,0000950170-25-025223,Revenues,Revenues,True
DPZ,1286681,2025,1,2024-12-30,2025-03-23,84,1112056000.0,1112056000.0,False,2025-04-28,10-Q,0000950170-25-058940,Revenues,Revenues,False
DPZ,1286681,2025,2,2025-03-24,2025-06-15,84,1145144000.0,1145144000.0,False,2025-07-21,10-Q,0000950170-25-097064,Revenues,Revenues,False
DPZ,1286681,2025,3,2025-06-16,2025-09-07,84,1147054000.0,1147054000.0,False,2025-10-14,10-Q,0001193125-25-237878,Revenues,Revenues,False
DPZ,1286681,2025,4,2025-09-08,2025-12-28,112,1535740000.0,1535740000.0,False,2026-02-23,10-K,0001193125-26-062321,Revenues,Revenues,True
DPZ,1286681,2026,1,2025-12-29,2026-03-22,84,1150594000.0,1150594000.0,False,2026-04-27,10-Q,0001286681-26-000025,Revenues,Revenues,False
DPZ,1286681,2026,2,2026-03-23,2026-06-14,84,1194427000.0,1194427000.0,False,2026-07-20,10-Q,0001286681-26-000035,Revenues,Revenues,False
DRI,940944,2016,3,2015-11-30,2016-02-28,91,1847500000.0,1847500000.0,False,2016-04-06,10-Q,0000940944-16-000101,SalesRevenueNet,RevenueFromContractWithCustomerExcludingAssessedTax,False
DRI,940944,2016,4,2016-02-29,2016-05-29,91,1790200000.0,1790200000.0,False,2016-07-25,10-K,0000940944-16-000116,SalesRevenueNet,RevenueFromContractWithCustomerExcludingAssessedTax,False
DRI,940944,2017,1,2016-05-30,2016-08-28,91,1714400000.0,1714400000.0,False,2016-10-05,10-K,0000940944-18-000050,RevenueFromContractWithCustomerExcludingAssessedTax,RevenueFromContractWithCustomerExcludingAssessedTax,False
DRI,940944,2017,2,2016-08-29,2016-11-27,91,1642500000.0,1642500000.0,False,2017-01-04,10-K,0000940944-18-000050,RevenueFromContractWithCustomerExcludingAssessedTax,RevenueFromContractWithCustomerExcludingAssessedTax,False
DRI,940944,2017,3,2016-11-28,2017-02-26,91,1878700000.0,1878700000.0,False,2017-04-04,10-K,0000940944-18-000050,RevenueFromContractWithCustomerExcludingAssessedTax,RevenueFromContractWithCustomerExcludingAssessedTax,False
DRI,940944,2017,4,2017-02-27,2017-05-28,91,1934600000.0,1934600000.0,False,2017-07-21,10-K,0000940944-18-000050,RevenueFromContractWithCustomerExcludingAssessedTax,RevenueFromContractWithCustomerExcludingAssessedTax,False
DRI,940944,2018,1,2017-05-29,2017-08-27,91,1936100000.0,1936100000.0,False,2017-10-03,10-K,0000940944-18-000050,RevenueFromContractWithCustomerExcludingAssessedTax,RevenueFromContractWithCustomerExcludingAssessedTax,False
DRI,940944,2018,2,2017-08-28,2017-11-26,91,1881500000.0,1881500000.0,False,2018-01-03,10-K,0000940944-18-000050,RevenueFromContractWithCustomerExcludingAssessedTax,RevenueFromContractWithCustomerExcludingAssessedTax,False
DRI,940944,2018,3,2017-11-27,2018-02-25,91,2128400000.0,2128400000.0,False,2018-04-03,10-K,0000940944-18-000050,RevenueFromContractWithCustomerExcludingAssessedTax,RevenueFromContractWithCustomerExcludingAssessedTax,False
DRI,940944,2018,4,2018-02-26,2018-05-27,91,2134100000.0,2134100000.0,False,2018-07-20,10-K,0000940944-18-000050,RevenueFromContractWithCustomerExcludingAssessedTax,RevenueFromContractWithCustomerExcludingAssessedTax,False
DRI,940944,2019,1,2018-05-28,2018-08-26,91,2061400000.0,2061400000.0,False,2018-10-02,10-Q,0000940944-18-000061,RevenueFromContractWithCustomerExcludingAssessedTax,RevenueFromContractWithCustomerExcludingAssessedTax,False
DRI,940944,2019,2,2018-08-27,2018-11-25,91,1973400000.0,1973400000.0,False,2019-01-02,10-Q,0000940944-19-000005,RevenueFromContractWithCustomerExcludingAssessedTax,RevenueFromContractWithCustomerExcludingAssessedTax,False
DRI,940944,2019,3,2018-11-26,2019-02-24,91,2246500000.0,2246500000.0,False,2019-04-02,10-Q,0000940944-19-000013,RevenueFromContractWithCustomerExcludingAssessedTax,RevenueFromContractWithCustomerExcludingAssessedTax,False
DRI,940944,2019,4,2019-02-25,2019-05-26,91,2229100000.0,2229100000.0,False,2019-07-19,10-K,0000940944-19-000025,RevenueFromContractWithCustomerExcludingAssessedTax,RevenueFromContractWithCustomerExcludingAssessedTax,False
DRI,940944,2020,1,2019-05-27,2019-08-25,91,2133900000.0,2133900000.0,False,2019-10-01,10-Q,0000940944-19-000042,RevenueFromContractWithCustomerExcludingAssessedTax,RevenueFromContractWithCustomerExcludingAssessedTax,False
DRI,940944,2020,2,2019-08-26,2019-11-24,91,2056400000.0,2056400000.0,False,2020-01-02,10-Q,0000940944-20-000003,RevenueFromContractWithCustomerExcludingAssessedTax,RevenueFromContractWithCustomerExcludingAssessedTax,False
DRI,940944,2020,3,2019-11-25,2020-02-23,91,2346500000.0,2346500000.0,False,2020-03-31,10-Q,0000940944-20-000014,RevenueFromContractWithCustomerExcludingAssessedTax,RevenueFromContractWithCustomerExcludingAssessedTax,False
DRI,940944,2020,4,2020-02-24,2020-05-31,98,1270100000.0,1270100000.0,False,2020-07-24,10-K,0000940944-20-000046,RevenueFromContractWithCustomerExcludingAssessedTax,RevenueFromContractWithCustomerExcludingAssessedTax,False
DRI,940944,2021,1,2020-06-01,2020-08-30,91,1527400000.0,1527400000.0,False,2020-10-06,10-Q,0000940944-20-000073,RevenueFromContractWithCustomerExcludingAssessedTax,RevenueFromContractWithCustomerExcludingAssessedTax,False
DRI,940944,2021,2,2020-08-31,2020-11-29,91,1656500000.0,1656500000.0,False,2021-01-06,10-Q,0000940944-21-000006,RevenueFromContractWithCustomerExcludingAssessedTax,RevenueFromContractWithCustomerExcludingAssessedTax,False
DRI,940944,2021,3,2020-11-30,2021-02-28,91,1733000000.0,1733000000.0,False,2021-04-06,10-Q,0000940944-21-000022,RevenueFromContractWithCustomerExcludingAssessedTax,RevenueFromContractWithCustomerExcludingAssessedTax,False
DRI,940944,2021,4,2021-03-01,2021-05-30,91,2279200000.0,2279200000.0,False,2021-07-23,10-K,0000940944-21-000041,RevenueFromContractWithCustomerExcludingAssessedTax,RevenueFromContractWithCustomerExcludingAssessedTax,True
DRI,940944,2022,1,2021-05-31,2021-08-29,91,2306000000.0,2306000000.0,False,2021-10-05,10-Q,0000940944-21-000073,RevenueFromContractWithCustomerExcludingAssessedTax,RevenueFromContractWithCustomerExcludingAssessedTax,False
DRI,940944,2022,2,2021-08-30,2021-11-28,91,2272200000.0,2272200000.0,False,2022-01-05,10-Q,0000940944-22-000007,RevenueFromContractWithCustomerExcludingAssessedTax,RevenueFromContractWithCustomerExcludingAssessedTax,False
DRI,940944,2022,3,2021-11-29,2022-02-27,91,2448900000.0,2448900000.0,False,2022-04-05,10-Q,0000940944-22-000021,RevenueFromContractWithCustomerExcludingAssessedTax,RevenueFromContractWithCustomerExcludingAssessedTax,False
DRI,940944,2022,4,2022-02-28,2022-05-29,91,2602900000.0,2602900000.0,False,2022-07-22,10-K,0000940944-22-000042,RevenueFromContractWithCustomerExcludingAssessedTax,RevenueFromContractWithCustomerExcludingAssessedTax,True
DRI,940944,2023,1,2022-05-30,2022-08-28,91,2446100000.0,2446100000.0,False,2022-10-04,10-Q,0000940944-22-000060,RevenueFromContractWithCustomerExcludingAssessedTax,RevenueFromContractWithCustomerExcludingAssessedTax,False
DRI,940944,2023,2,2022-08-29,2022-11-27,91,2486500000.0,2486500000.0,False,2023-01-04,10-Q,0000940944-23-000004,RevenueFromContractWithCustomerExcludingAssessedTax,RevenueFromContractWithCustomerExcludingAssessedTax,False
DRI,940944,2023,3,2022-11-28,2023-02-26,91,2786200000.0,2786200000.0,False,2023-04-04,10-Q,0000940944-23-000019,RevenueFromContractWithCustomerExcludingAssessedTax,RevenueFromContractWithCustomerExcludingAssessedTax,False
DRI,940944,2023,4,2023-02-27,2023-05-28,91,2769000000.0,2769000000.0,False,2023-07-21,10-K,0000940944-23-000037,RevenueFromContractWithCustomerExcludingAssessedTax,RevenueFromContractWithCustomerExcludingAssessedTax,True
DRI,940944,2024,1,2023-05-29,2023-08-27,91,2730600000.0,2730600000.0,False,2023-09-29,10-Q,0000940944-23-000053,RevenueFromContractWithCustomerExcludingAssessedTax,RevenueFromContractWithCustomerExcludingAssessedTax,False
DRI,940944,2024,2,2023-08-28,2023-11-26,91,2727300000.0,2727300000.0,False,2024-01-03,10-Q,0000940944-24-000005,RevenueFromContractWithCustomerExcludingAssessedTax,RevenueFromContractWithCustomerExcludingAssessedTax,False
DRI,940944,2024,3,2023-11-27,2024-02-25,91,2974800000.0,2974800000.0,False,2024-04-02,10-Q,0000940944-24-000017,RevenueFromContractWithCustomerExcludingAssessedTax,RevenueFromContractWithCustomerExcludingAssessedTax,False
DRI,940944,2024,4,2024-02-26,2024-05-26,91,2957300000.0,2957300000.0,False,2024-07-19,10-K,0000940944-24-000035,RevenueFromContractWithCustomerExcludingAssessedTax,RevenueFromContractWithCustomerExcludingAssessedTax,True
DRI,940944,2025,1,2024-05-27,2024-08-25,91,2757000000.0,2757000000.0,False,2024-09-27,10-Q,0000940944-24-000055,RevenueFromContractWithCustomerExcludingAssessedTax,RevenueFromContractWithCustomerExcludingAssessedTax,False
DRI,940944,2025,2,2024-08-26,2024-11-24,91,2890000000.0,2890000000.0,False,2025-01-02,10-Q,0000940944-25-000003,RevenueFromContractWithCustomerExcludingAssessedTax,RevenueFromContractWithCustomerExcludingAssessedTax,False
DRI,940944,2025,3,2024-11-25,2025-02-23,91,3158000000.0,3158000000.0,False,2025-04-01,10-Q,0000940944-25-000018,RevenueFromContractWithCustomerExcludingAssessedTax,RevenueFromContractWithCustomerExcludingAssessedTax,False
DRI,940944,2025,4,2025-02-24,2025-05-25,91,3271700000.0,3271700000.0,False,2025-07-18,10-K,0000940944-25-000038,RevenueFromContractWithCustomerExcludingAssessedTax,RevenueFromContractWithCustomerExcludingAssessedTax,True
DRI,940944,2026,1,2025-05-26,2025-08-24,91,3044700000.0,3044700000.0,False,2025-09-26,10-Q,0000940944-25-000054,RevenueFromContractWithCustomerExcludingAssessedTax,RevenueFromContractWithCustomerExcludingAssessedTax,False
DRI,940944,2026,2,2025-08-25,2025-11-23,91,3102100000.0,3102100000.0,False,2025-12-30,10-Q,0000940944-25-000071,RevenueFromContractWithCustomerExcludingAssessedTax,RevenueFromContractWithCustomerExcludingAssessedTax,False
DRI,940944,2026,3,2025-11-24,2026-02-22,91,3345300000.0,3345300000.0,False,2026-03-27,10-Q,0000940944-26-000009,RevenueFromContractWithCustomerExcludingAssessedTax,RevenueFromContractWithCustomerExcludingAssessedTax,False
DRI,940944,2026,4,2026-02-23,2026-05-31,98,3718800000.0,3718800000.0,False,2026-07-24,10-K,0000940944-26-000025,RevenueFromContractWithCustomerExcludingAssessedTax,RevenueFromContractWithCustomerExcludingAssessedTax,True
HD,354950,2016,4,2015-11-02,2016-01-31,91,20980000000.0,20980000000.0,False,2016-03-24,10-K,0000354950-16-000060,SalesRevenueNet,RevenueFromContractWithCustomerExcludingAssessedTax,False
HD,354950,2017,1,2016-02-01,2016-05-01,91,22762000000.0,22762000000.0,False,2016-05-24,10-Q,0000354950-16-000065,SalesRevenueNet,RevenueFromContractWithCustomerExcludingAssessedTax,False
HD,354950,2017,2,2016-05-02,2016-07-31,91,26472000000.0,26472000000.0,False,2016-08-23,10-Q,0000354950-16-000082,SalesRevenueNet,RevenueFromContractWithCustomerExcludingAssessedTax,False
HD,354950,2017,3,2016-08-01,2016-10-30,91,23154000000.0,23154000000.0,False,2016-11-22,10-Q,0000354950-16-000094,SalesRevenueNet,RevenueFromContractWithCustomerExcludingAssessedTax,False
HD,354950,2017,4,2016-10-31,2017-01-29,91,22207000000.0,22207000000.0,False,2017-03-23,10-K,0000354950-17-000005,SalesRevenueNet,RevenueFromContractWithCustomerExcludingAssessedTax,False
HD,354950,2018,1,2017-01-30,2017-04-30,91,23887000000.0,23887000000.0,False,2017-05-23,10-K,0000354950-19-000010,RevenueFromContractWithCustomerExcludingAssessedTax,RevenueFromContractWithCustomerExcludingAssessedTax,False
HD,354950,2018,2,2017-05-01,2017-07-30,91,28108000000.0,28108000000.0,False,2017-08-22,10-K,0000354950-19-000010,RevenueFromContractWithCustomerExcludingAssessedTax,RevenueFromContractWithCustomerExcludingAssessedTax,False
HD,354950,2018,3,2017-07-31,2017-10-29,91,25026000000.0,25026000000.0,False,2017-11-21,10-Q,0000354950-18-000065,RevenueFromContractWithCustomerExcludingAssessedTax,RevenueFromContractWithCustomerExcludingAssessedTax,False
HD,354950,2018,4,2017-10-30,2018-01-28,91,23883000000.0,23883000000.0,False,2018-03-22,10-K,0000354950-19-000010,RevenueFromContractWithCustomerExcludingAssessedTax,RevenueFromContractWithCustomerExcludingAssessedTax,False
HD,354950,2019,1,2018-01-29,2018-04-29,91,24947000000.0,24947000000.0,False,2018-05-22,10-K,0000354950-19-000010,RevenueFromContractWithCustomerExcludingAssessedTax,RevenueFromContractWithCustomerExcludingAssessedTax,False
HD,354950,2019,2,2018-04-30,2018-07-29,91,30463000000.0,30463000000.0,False,2018-08-21,10-K,0000354950-19-000010,RevenueFromContractWithCustomerExcludingAssessedTax,RevenueFromContractWithCustomerExcludingAssessedTax,False
HD,354950,2019,3,2018-07-30,2018-10-28,91,26302000000.0,26302000000.0,False,2018-11-20,10-Q,0000354950-18-000065,RevenueFromContractWithCustomerExcludingAssessedTax,RevenueFromContractWithCustomerExcludingAssessedTax,False
HD,354950,2019,4,2018-10-29,2019-02-03,98,26491000000.0,26491000000.0,False,2019-03-28,10-K,0000354950-19-000010,RevenueFromContractWithCustomerExcludingAssessedTax,RevenueFromContractWithCustomerExcludingAssessedTax,False
HD,354950,2020,1,2019-02-04,2019-05-05,91,26381000000.0,26381000000.0,False,2019-05-29,10-Q,0000354950-19-000024,RevenueFromContractWithCustomerExcludingAssessedTax,RevenueFromContractWithCustomerExcludingAssessedTax,False
HD,354950,2020,2,2019-05-06,2019-08-04,91,30839000000.0,30839000000.0,False,2019-08-27,10-Q,0000354950-19-000057,RevenueFromContractWithCustomerExcludingAssessedTax,RevenueFromContractWithCustomerExcludingAssessedTax,False
HD,354950,2020,3,2019-08-05,2019-11-03,91,27223000000.0,27223000000.0,False,2019-11-26,10-Q,0000354950-19-000066,RevenueFromContractWithCustomerExcludingAssessedTax,RevenueFromContractWithCustomerExcludingAssessedTax,False
HD,354950,2020,4,2019-11-04,2020-02-02,91,25782000000.0,25782000000.0,False,2020-03-25,10-K,0000354950-20-000015,RevenueFromContractWithCustomerExcludingAssessedTax,RevenueFromContractWithCustomerExcludingAssessedTax,False
HD,354950,2021,1,2020-02-03,2020-05-03,91,28260000000.0,28260000000.0,False,2020-05-27,10-Q,0000354950-20-000041,RevenueFromContractWithCustomerExcludingAssessedTax,RevenueFromContractWithCustomerExcludingAssessedTax,False
HD,354950,2021,2,2020-05-04,2020-08-02,91,38053000000.0,38053000000.0,False,2020-08-25,10-Q,0000354950-20-000068,RevenueFromContractWithCustomerExcludingAssessedTax,RevenueFromContractWithCustomerExcludingAssessedTax,False
HD,354950,2021,3,2020-08-03,2020-11-01,91,33536000000.0,33536000000.0,False,2020-11-24,10-Q,0000354950-20-000103,RevenueFromContractWithCustomerExcludingAssessedTax,RevenueFromContractWithCustomerExcludingAssessedTax,False
HD,354950,2021,4,2020-11-02,2021-01-31,91,32261000000.0,32261000000.0,False,2021-03-24,10-K,0000354950-21-000089,RevenueFromContractWithCustomerExcludingAssessedTax,RevenueFromContractWithCustomerExcludingAssessedTax,True
HD,354950,2022,1,2021-02-01,2021-05-02,91,37500000000.0,37500000000.0,False,2021-05-25,10-Q,0000354950-21-000147,RevenueFromContractWithCustomerExcludingAssessedTax,RevenueFromContractWithCustomerExcludingAssessedTax,False
HD,354950,2022,2,2021-05-03,2021-08-01,91,41118000000.0,41118000000.0,False,2021-08-24,10-Q,0000354950-21-000189,RevenueFromContractWithCustomerExcludingAssessedTax,RevenueFromContractWithCustomerExcludingAssessedTax,False
HD,354950,2022,3,2021-08-02,2021-10-31,91,36820000000.0,36820000000.0,False,2021-11-23,10-Q,0000354950-21-000234,RevenueFromContractWithCustomerExcludingAssessedTax,RevenueFromContractWithCustomerExcludingAssessedTax,False
HD,354950,2022,4,2021-11-01,2022-01-30,91,35719000000.0,35719000000.0,False,2022-03-23,10-K,0000354950-22-000070,RevenueFromContractWithCustomerExcludingAssessedTax,RevenueFromContractWithCustomerExcludingAssessedTax,True
HD,354950,2023,1,2022-01-31,2022-05-01,91,38908000000.0,38908000000.0,False,2022-05-24,10-Q,0000354950-22-000158,RevenueFromContractWithCustomerExcludingAssessedTax,RevenueFromContractWithCustomerExcludingAssessedTax,False
HD,354950,2023,2,2022-05-02,2022-07-31,91,43792000000.0,43792000000.0,False,2022-08-23,10-Q,0000354950-22-000193,RevenueFromContractWithCustomerExcludingAssessedTax,RevenueFromContractWithCustomerExcludingAssessedTax,False
HD,354950,2023,3,2022-08-01,2022-10-30,91,38872000000.0,38872000000.0,False,2022-11-22,10-Q,0000354950-22-000239,RevenueFromContractWithCustomerExcludingAssessedTax,RevenueFromContractWithCustomerExcludingAssessedTax,False
HD,354950,2023,4,2022-10-31,2023-01-29,91,35831000000.0,35831000000.0,False,2023-03-15,10-K,0000354950-23-000059,RevenueFromContractWithCustomerExcludingAssessedTax,RevenueFromContractWithCustomerExcludingAssessedTax,True
HD,354950,2024,1,2023-01-30,2023-04-30,91,37257000000.0,37257000000.0,False,2023-05-23,10-Q,0000354950-23-000144,RevenueFromContractWithCustomerExcludingAssessedTax,RevenueFromContractWithCustomerExcludingAssessedTax,False
HD,354950,2024,2,2023-05-01,2023-07-30,91,42916000000.0,42916000000.0,False,2023-08-22,10-Q,0000354950-23-000185,RevenueFromContractWithCustomerExcludingAssessedTax,RevenueFromContractWithCustomerExcludingAssessedTax,False
HD,354950,2024,3,2023-07-31,2023-10-29,91,37710000000.0,37710000000.0,False,2023-11-21,10-Q,0000354950-23-000240,RevenueFromContractWithCustomerExcludingAssessedTax,RevenueFromContractWithCustomerExcludingAssessedTax,False
HD,354950,2024,4,2023-10-30,2024-01-28,91,34786000000.0,34786000000.0,False,2024-03-13,10-K,0000354950-24-000062,RevenueFromContractWithCustomerExcludingAssessedTax,RevenueFromContractWithCustomerExcludingAssessedTax,True
HD,354950,2025,1,2024-01-29,2024-04-28,91,36418000000.0,36418000000.0,False,2024-05-21,10-Q,0000354950-24-000152,RevenueFromContractWithCustomerExcludingAssessedTax,RevenueFromContractWithCustomerExcludingAssessedTax,False
HD,354950,2025,2,2024-04-29,2024-07-28,91,43175000000.0,43175000000.0,False,2024-08-20,10-Q,0000354950-24-000201,RevenueFromContractWithCustomerExcludingAssessedTax,RevenueFromContractWithCustomerExcludingAssessedTax,False
HD,354950,2025,3,2024-07-29,2024-10-27,91,40217000000.0,40217000000.0,False,2024-11-19,10-Q,0000354950-24-000240,RevenueFromContractWithCustomerExcludingAssessedTax,RevenueFromContractWithCustomerExcludingAssessedTax,False
HD,354950,2025,4,2024-10-28,2025-02-02,98,39704000000.0,39704000000.0,False,2025-03-21,10-K,0000354950-25-000085,RevenueFromContractWithCustomerExcludingAssessedTax,RevenueFromContractWithCustomerExcludingAssessedTax,True
HD,354950,2026,1,2025-02-03,2025-05-04,91,39856000000.0,39856000000.0,False,2025-05-28,10-Q,0000354950-25-000165,RevenueFromContractWithCustomerExcludingAssessedTax,RevenueFromContractWithCustomerExcludingAssessedTax,False
HD,354950,2026,2,2025-05-05,2025-08-03,91,45277000000.0,45277000000.0,False,2025-08-26,10-Q,0000354950-25-000217,RevenueFromContractWithCustomerExcludingAssessedTax,RevenueFromContractWithCustomerExcludingAssessedTax,False
HD,354950,2026,3,2025-08-04,2025-11-02,91,41352000000.0,41352000000.0,False,2025-11-25,10-Q,0001628280-25-053868,RevenueFromContractWithCustomerExcludingAssessedTax,RevenueFromContractWithCustomerExcludingAssessedTax,False
HD,354950,2026,4,2025-11-03,2026-02-01,91,38198000000.0,38198000000.0,False,2026-03-18,10-K,0001628280-26-019436,RevenueFromContractWithCustomerExcludingAssessedTax,RevenueFromContractWithCustomerExcludingAssessedTax,True
HD,354950,2027,1,2026-02-02,2026-05-03,91,41765000000.0,41765000000.0,False,2026-05-27,10-Q,0001628280-26-038247,RevenueFromContractWithCustomerExcludingAssessedTax,RevenueFromContractWithCustomerExcludingAssessedTax,False
HD,354950,2027,2,2026-05-04,2026-08-02,91,47861000000.0,47861000000.0,False,2026-08-25,10-Q,0001628280-26-058715,RevenueFromContractWithCustomerExcludingAssessedTax,RevenueFromContractWithCustomerExcludingAssessedTax,False
LOW,60667,2016,4,2015-10-31,2016-01-29,91,13237000000.0,13237000000.0,False,2016-03-29,10-K,0000060667-16-000276,SalesRevenueNet,RevenueFromContractWithCustomerExcludingAssessedTax,True
LOW,60667,2017,1,2016-01-30,2016-04-29,91,15234000000.0,15234000000.0,False,2016-05-31,10-Q,0000060667-16-000321,SalesRevenueNet,RevenueFromContractWithCustomerExcludingAssessedTax,False
LOW,60667,2017,2,2016-04-30,2016-07-29,91,18260000000.0,18260000000.0,False,2016-09-02,10-Q,0000060667-16-000363,SalesRevenueNet,RevenueFromContractWithCustomerExcludingAssessedTax,False
LOW,60667,2017,3,2016-07-30,2016-10-28,91,15739000000.0,15739000000.0,False,2016-11-29,10-Q,0000060667-16-000407,SalesRevenueNet,RevenueFromContractWithCustomerExcludingAssessedTax,False
LOW,60667,2017,4,2016-10-29,2017-02-03,98,15784000000.0,15784000000.0,False,2017-04-04,10-K,0000060667-19-000042,RevenueFromContractWithCustomerExcludingAssessedTax,RevenueFromContractWithCustomerExcludingAssessedTax,True
LOW,60667,2018,1,2017-02-04,2017-05-05,91,16860000000.0,16860000000.0,False,2017-06-06,10-Q,0000060667-17-000111,SalesRevenueNet,RevenueFromContractWithCustomerExcludingAssessedTax,False
LOW,60667,2018,2,2017-05-06,2017-08-04,91,19495000000.0,19495000000.0,False,2017-09-05,10-Q,0000060667-18-000157,RevenueFromContractWithCustomerExcludingAssessedTax,RevenueFromContractWithCustomerExcludingAssessedTax,False
LOW,60667,2018,3,2017-08-05,2017-11-03,91,16770000000.0,16770000000.0,False,2017-12-05,10-Q,0000060667-18-000203,RevenueFromContractWithCustomerExcludingAssessedTax,RevenueFromContractWithCustomerExcludingAssessedTax,False
LOW,60667,2018,4,2017-11-04,2018-02-02,91,15494000000.0,15494000000.0,False,2018-04-02,10-K,0000060667-19-000042,RevenueFromContractWithCustomerExcludingAssessedTax,RevenueFromContractWithCustomerExcludingAssessedTax,True
LOW,60667,2019,1,2018-02-03,2018-05-04,91,17360000000.0,17360000000.0,False,2018-06-05,10-Q,0000060667-19-000086,RevenueFromContractWithCustomerExcludingAssessedTax,RevenueFromContractWithCustomerExcludingAssessedTax,False
LOW,60667,2019,2,2018-05-05,2018-08-03,91,20888000000.0,20888000000.0,False,2018-09-04,10-Q,0000060667-18-000157,RevenueFromContractWithCustomerExcludingAssessedTax,RevenueFromContractWithCustomerExcludingAssessedTax,False
LOW,60667,2019,3,2018-08-04,2018-11-02,91,17415000000.0,17415000000.0,False,2018-12-06,10-Q,0000060667-18-000203,RevenueFromContractWithCustomerExcludingAssessedTax,RevenueFromContractWithCustomerExcludingAssessedTax,False
LOW,60667,2019,4,2018-11-03,2019-02-01,91,15646000000.0,15646000000.0,False,2019-04-02,10-K,0000060667-19-000042,RevenueFromContractWithCustomerExcludingAssessedTax,RevenueFromContractWithCustomerExcludingAssessedTax,True
LOW,60667,2020,1,2019-02-02,2019-05-03,91,17741000000.0,17741000000.0,False,2019-06-03,10-Q,0000060667-19-000086,RevenueFromContractWithCustomerExcludingAssessedTax,RevenueFromContractWithCustomerExcludingAssessedTax,False
LOW,60667,2020,2,2019-05-04,2019-08-02,91,20992000000.0,20992000000.0,False,2019-09-03,10-Q,0000060667-19-000138,RevenueFromContractWithCustomerExcludingAssessedTax,RevenueFromContractWithCustomerExcludingAssessedTax,False
LOW,60667,2020,3,2019-08-03,2019-11-01,91,17388000000.0,17388000000.0,False,2019-12-04,10-Q,0000060667-19-000184,RevenueFromContractWithCustomerExcludingAssessedTax,RevenueFromContractWithCustomerExcludingAssessedTax,False
LOW,60667,2020,4,2019-11-02,2020-01-31,91,16027000000.0,16027000000.0,False,2020-03-23,10-K,0000060667-20-000036,RevenueFromContractWithCustomerExcludingAssessedTax,RevenueFromContractWithCustomerExcludingAssessedTax,True
LOW,60667,2021,1,2020-02-01,2020-05-01,91,19675000000.0,19675000000.0,False,2020-05-28,10-Q,0000060667-20-000085,RevenueFromContractWithCustomerExcludingAssessedTax,RevenueFromContractWithCustomerExcludingAssessedTax,False
LOW,60667,2021,2,2020-05-02,2020-07-31,91,27302000000.0,27302000000.0,False,2020-08-26,10-Q,0000060667-20-000138,RevenueFromContractWithCustomerExcludingAssessedTax,RevenueFromContractWithCustomerExcludingAssessedTax,False
LOW,60667,2021,3,2020-08-01,2020-10-30,91,22309000000.0,22309000000.0,False,2020-11-25,10-Q,0000060667-20-000175,RevenueFromContractWithCustomerExcludingAssessedTax,RevenueFromContractWithCustomerExcludingAssessedTax,False
LOW,60667,2021,4,2020-10-31,2021-01-29,91,20311000000.0,20311000000.0,False,2021-03-22,10-K,0000060667-21-000026,RevenueFromContractWithCustomerExcludingAssessedTax,RevenueFromContractWithCustomerExcludingAssessedTax,True
LOW,60667,2022,1,2021-01-30,2021-04-30,91,24422000000.0,24422000000.0,False,2021-05-27,10-Q,0000060667-21-000074,RevenueFromContractWithCustomerExcludingAssessedTax,RevenueFromContractWithCustomerExcludingAssessedTax,False
LOW,60667,2022,2,2021-05-01,2021-07-30,91,27570000000.0,27570000000.0,False,2021-08-26,10-Q,0000060667-21-000149,RevenueFromContractWithCustomerExcludingAssessedTax,RevenueFromContractWithCustomerExcludingAssessedTax,False
LOW,60667,2022,3,2021-07-31,2021-10-29,91,22918000000.0,22918000000.0,False,2021-11-24,10-Q,0000060667-21-000168,RevenueFromContractWithCustomerExcludingAssessedTax,RevenueFromContractWithCustomerExcludingAssessedTax,False
LOW,60667,2022,4,2021-10-30,2022-01-28,91,21340000000.0,21340000000.0,False,2022-03-21,10-K,0000060667-22-000038,RevenueFromContractWithCustomerExcludingAssessedTax,RevenueFromContractWithCustomerExcludingAssessedTax,True
LOW,60667,2023,1,2022-01-29,2022-04-29,91,23659000000.0,23659000000.0,False,2022-05-26,10-Q,0000060667-22-000079,RevenueFromContractWithCustomerExcludingAssessedTax,RevenueFromContractWithCustomerExcludingAssessedTax,False
LOW,60667,2023,2,2022-04-30,2022-07-29,91,27476000000.0,27476000000.0,False,2022-08-25,10-Q,0000060667-22-000139,RevenueFromContractWithCustomerExcludingAssessedTax,RevenueFromContractWithCustomerExcludingAssessedTax,False
LOW,60667,2023,3,2022-07-30,2022-10-28,91,23479000000.0,23479000000.0,False,2022-11-23,10-Q,0000060667-22-000170,RevenueFromContractWithCustomerExcludingAssessedTax,RevenueFromContractWithCustomerExcludingAssessedTax,False
LOW,60667,2023,4,2022-10-29,2023-02-03,98,22445000000.0,22445000000.0,False,2023-03-27,10-K,0000060667-23-000034,RevenueFromContractWithCustomerExcludingAssessedTax,RevenueFromContractWithCustomerExcludingAssessedTax,True
LOW,60667,2024,1,2023-02-04,2023-05-05,91,22347000000.0,22347000000.0,False,2023-06-01,10-Q,0000060667-23-000114,RevenueFromContractWithCustomerExcludingAssessedTax,RevenueFromContractWithCustomerExcludingAssessedTax,False
LOW,60667,2024,2,2023-05-06,2023-08-04,91,24956000000.0,24956000000.0,False,2023-08-30,10-Q,0000060667-23-000139,RevenueFromContractWithCustomerExcludingAssessedTax,RevenueFromContractWithCustomerExcludingAssessedTax,False
LOW,60667,2024,3,2023-08-05,2023-11-03,91,20471000000.0,20471000000.0,False,2023-11-29,10-Q,0000060667-23-000164,RevenueFromContractWithCustomerExcludingAssessedTax,RevenueFromContractWithCustomerExcludingAssessedTax,False
LOW,60667,2024,4,2023-11-04,2024-02-02,91,18603000000.0,18603000000.0,False,2024-03-25,10-K,0000060667-24-000033,RevenueFromContractWithCustomerExcludingAssessedTax,RevenueFromContractWithCustomerExcludingAssessedTax,True
LOW,60667,2025,1,2024-02-03,2024-05-03,91,21364000000.0,21364000000.0,False,2024-05-30,10-Q,0000060667-24-000085,RevenueFromContractWithCustomerExcludingAssessedTax,RevenueFromContractWithCustomerExcludingAssessedTax,False
LOW,60667,2025,2,2024-05-04,2024-08-02,91,23586000000.0,23586000000.0,False,2024-08-29,10-Q,0000060667-24-000140,RevenueFromContractWithCustomerExcludingAssessedTax,RevenueFromContractWithCustomerExcludingAssessedTax,False
LOW,60667,2025,3,2024-08-03,2024-11-01,91,20170000000.0,20170000000.0,False,2024-11-27,10-Q,0000060667-24-000169,RevenueFromContractWithCustomerExcludingAssessedTax,RevenueFromContractWithCustomerExcludingAssessedTax,False
LOW,60667,2025,4,2024-11-02,2025-01-31,91,18554000000.0,18554000000.0,False,2025-03-24,10-K,0000060667-25-000049,RevenueFromContractWithCustomerExcludingAssessedTax,RevenueFromContractWithCustomerExcludingAssessedTax,True
LOW,60667,2026,1,2025-02-01,2025-05-02,91,20930000000.0,20930000000.0,False,2025-05-29,10-Q,0000060667-25-000104,RevenueFromContractWithCustomerExcludingAssessedTax,RevenueFromContractWithCustomerExcludingAssessedTax,False
LOW,60667,2026,2,2025-05-03,2025-08-01,91,23959000000.0,23959000000.0,False,2025-08-28,10-Q,0000060667-25-000174,RevenueFromContractWithCustomerExcludingAssessedTax,RevenueFromContractWithCustomerExcludingAssessedTax,False
LOW,60667,2026,3,2025-08-02,2025-10-31,91,20813000000.0,20813000000.0,False,2025-11-26,10-Q,0000060667-25-000210,RevenueFromContractWithCustomerExcludingAssessedTax,RevenueFromContractWithCustomerExcludingAssessedTax,False
LOW,60667,2026,4,2025-11-01,2026-01-30,91,20584000000.0,20584000000.0,False,2026-03-23,10-K,0000060667-26-000029,RevenueFromContractWithCustomerExcludingAssessedTax,RevenueFromContractWithCustomerExcludingAssessedTax,True
LOW,60667,2027,1,2026-01-31,2026-05-01,91,23078000000.0,23078000000.0,False,2026-05-28,10-Q,0000060667-26-000072,RevenueFromContractWithCustomerExcludingAssessedTax,RevenueFromContractWithCustomerExcludingAssessedTax,False
LOW,60667,2027,2,2026-05-02,2026-07-31,91,25956000000.0,25956000000.0,False,2026-08-27,10-Q,0000060667-26-000117,RevenueFromContractWithCustomerExcludingAssessedTax,RevenueFromContractWithCustomerExcludingAssessedTax,False
MCD,63908,2016,1,2016-01-01,2016-03-31,91,5903900000.0,5903900000.0,False,2016-05-06,10-Q,0000063908-16-000121,Revenues,Revenues,False
MCD,63908,2016,2,2016-04-01,2016-06-30,91,6265000000.0,6265000000.0,False,2016-08-04,10-Q,0000063908-16-000142,Revenues,Revenues,False
MCD,63908,2016,3,2016-07-01,2016-09-30,92,6424100000.0,6424100000.0,False,2016-11-04,10-Q,0000063908-16-000161,Revenues,Revenues,False
MCD,63908,2016,4,2016-10-01,2016-12-31,92,6028900000.0,6028900000.0,False,2017-03-01,10-K,0000063908-17-000017,Revenues,Revenues,False
MCD,63908,2017,1,2017-01-01,2017-03-31,90,5675900000.0,5675900000.0,False,2017-05-08,10-Q,0000063908-17-000025,Revenues,Revenues,False
MCD,63908,2017,2,2017-04-01,2017-06-30,91,6049700000.0,6049700000.0,False,2017-08-08,10-Q,0000063908-17-000039,Revenues,Revenues,False
MCD,63908,2017,3,2017-07-01,2017-09-30,92,5754600000.0,5754600000.0,False,2017-11-02,10-Q,0000063908-17-000053,Revenues,Revenues,False
MCD,63908,2017,4,2017-10-01,2017-12-31,92,5340200000.0,5340200000.0,False,2018-02-23,10-K,0000063908-18-000010,Revenues,Revenues,False
MCD,63908,2018,1,2018-01-01,2018-03-31,90,5138900000.0,5138900000.0,False,2018-05-08,10-Q,0000063908-18-000025,Revenues,Revenues,False
MCD,63908,2018,2,2018-04-01,2018-06-30,91,5353900000.0,5353900000.0,False,2018-08-02,10-Q,0000063908-18-000049,Revenues,Revenues,False
MCD,63908,2018,3,2018-07-01,2018-09-30,92,5369400000.0,5369400000.0,False,2018-11-01,10-Q,0000063908-18-000064,Revenues,Revenues,False
MCD,63908,2018,4,2018-10-01,2018-12-31,92,5163000000.0,5163000000.0,False,2019-02-22,10-K,0000063908-19-000010,Revenues,Revenues,False
MCD,63908,2019,1,2019-01-01,2019-03-31,90,4955600000.0,5024100000.0,True,2019-05-08,10-Q,0000063908-19-000039,Revenues,Revenues,False
MCD,63908,2019,2,2019-04-01,2019-06-30,91,5341300000.0,5409800000.0,True,2019-08-06,10-Q,0000063908-19-000062,Revenues,Revenues,False
MCD,63908,2019,3,2019-07-01,2019-09-30,92,5430600000.0,5502300000.0,True,2019-11-04,10-Q,0000063908-19-000085,Revenues,Revenues,False
MCD,63908,2019,4,2019-10-01,2019-12-31,92,5349000000.0,5349000000.0,False,2020-02-26,10-K,0000063908-20-000022,Revenues,Revenues,False
MCD,63908,2020,1,2020-01-01,2020-03-31,91,4714400000.0,4714400000.0,False,2020-05-07,10-Q,0000063908-20-000042,Revenues,Revenues,False
MCD,63908,2020,2,2020-04-01,2020-06-30,91,3761500000.0,3761500000.0,False,2020-08-10,10-Q,0000063908-20-000063,Revenues,Revenues,False
MCD,63908,2020,3,2020-07-01,2020-09-30,92,5418100000.0,5418100000.0,False,2020-11-09,10-Q,0000063908-20-000076,Revenues,Revenues,False
MCD,63908,2020,4,2020-10-01,2020-12-31,92,5313800000.0,5313800000.0,False,2021-02-23,10-K,0000063908-21-000013,Revenues,Revenues,True
MCD,63908,2021,1,2021-01-01,2021-03-31,90,5124600000.0,5124600000.0,False,2021-05-05,10-Q,0000063908-21-000018,Revenues,Revenues,False
MCD,63908,2021,2,2021-04-01,2021-06-30,91,5887900000.0,5887900000.0,False,2021-08-04,10-Q,0000063908-21-000030,Revenues,Revenues,False
MCD,63908,2021,3,2021-07-01,2021-09-30,92,6201300000.0,6201300000.0,False,2021-11-02,10-Q,0000063908-21-000039,Revenues,Revenues,False
MCD,63908,2021,4,2021-10-01,2021-12-31,92,6009100000.0,6009100000.0,False,2022-02-24,10-K,0000063908-22-000011,Revenues,Revenues,True
MCD,63908,2022,1,2022-01-01,2022-03-31,90,5665600000.0,5665600000.0,False,2022-05-02,10-Q,0000063908-22-000016,Revenues,Revenues,False
MCD,63908,2022,2,2022-04-01,2022-06-30,91,5718400000.0,5718400000.0,False,2022-08-04,10-Q,0000063908-22-000041,Revenues,Revenues,False
MCD,63908,2022,3,2022-07-01,2022-09-30,92,5872100000.0,5872100000.0,False,2022-11-07,10-Q,0000063908-22-000055,Revenues,Revenues,False
MCD,63908,2022,4,2022-10-01,2022-12-31,92,5926500000.0,5926900000.0,False,2023-02-24,10-K,0000063908-23-000012,Revenues,Revenues,True
MCD,63908,2023,1,2023-01-01,2023-03-31,90,5897800000.0,5898000000.0,False,2023-05-04,10-Q,0000063908-23-000036,Revenues,Revenues,False
MCD,63908,2023,2,2023-04-01,2023-06-30,91,6497500000.0,6498000000.0,False,2023-08-02,10-Q,0000063908-23-000076,Revenues,Revenues,False
MCD,63908,2023,3,2023-07-01,2023-09-30,92,6692200000.0,6692000000.0,False,2023-11-02,10-Q,0000063908-23-000101,Revenues,Revenues,False
MCD,63908,2023,4,2023-10-01,2023-12-31,92,6406200000.0,6406000000.0,False,2024-02-22,10-K,0000063908-24-000072,Revenues,Revenues,True
MCD,63908,2024,1,2024-01-01,2024-03-31,91,6169000000.0,6169000000.0,False,2024-05-08,10-Q,0000063908-24-000092,Revenues,Revenues,False
MCD,63908,2024,2,2024-04-01,2024-06-30,91,6490000000.0,6490000000.0,False,2024-08-08,10-Q,0000063908-24-000123,Revenues,Revenues,False
MCD,63908,2024,3,2024-07-01,2024-09-30,92,6873000000.0,6873000000.0,False,2024-11-07,10-Q,0000063908-24-000156,Revenues,Revenues,False
MCD,63908,2024,4,2024-10-01,2024-12-31,92,6388000000.0,6388000000.0,False,2025-02-25,10-K,0000063908-25-000012,Revenues,Revenues,True
MCD,63908,2025,1,2025-01-01,2025-03-31,90,5956000000.0,5956000000.0,False,2025-05-12,10-Q,0000063908-25-000025,Revenues,Revenues,False
MCD,63908,2025,2,2025-04-01,2025-06-30,91,6843000000.0,6843000000.0,False,2025-08-06,10-Q,0000063908-25-000039,Revenues,Revenues,False
MCD,63908,2025,3,2025-07-01,2025-09-30,92,7078000000.0,7078000000.0,False,2025-11-05,10-Q,0000063908-25-000059,Revenues,Revenues,False
MCD,63908,2025,4,2025-10-01,2025-12-31,92,7008000000.0,7008000000.0,False,2026-02-24,10-K,0000063908-26-000035,Revenues,Revenues,True
MCD,63908,2026,1,2026-01-01,2026-03-31,90,6517000000.0,6517000000.0,False,2026-05-07,10-Q,0000063908-26-000051,Revenues,Revenues,False
MCD,63908,2026,2,2026-04-01,2026-06-30,91,7099000000.0,7099000000.0,False,2026-08-07,10-Q,0000063908-26-000073,Revenues,Revenues,False
NFLX,1065280,2016,1,2016-01-01,2016-03-31,91,1957736000.0,1957736000.0,False,2016-04-20,10-Q,0001065280-16-000057,Revenues,Revenues,False
NFLX,1065280,2016,2,2016-04-01,2016-06-30,91,2105204000.0,2105204000.0,False,2016-07-19,10-Q,0001065280-16-000072,Revenues,Revenues,False
NFLX,1065280,2016,3,2016-07-01,2016-09-30,92,2290188000.0,2290188000.0,False,2016-10-20,10-Q,0001065280-16-000081,Revenues,Revenues,False
NFLX,1065280,2016,4,2016-10-01,2016-12-31,92,2477541000.0,2477541000.0,False,2017-01-27,10-K,0001628280-17-000496,Revenues,Revenues,False
NFLX,1065280,2017,1,2017-01-01,2017-03-31,90,2636635000.0,2636635000.0,False,2017-04-20,10-Q,0001628280-17-003939,Revenues,Revenues,False
NFLX,1065280,2017,2,2017-04-01,2017-06-30,91,2785464000.0,2785464000.0,False,2017-07-19,10-Q,0001065280-17-000046,Revenues,Revenues,False
NFLX,1065280,2017,3,2017-07-01,2017-09-30,92,2984859000.0,2984859000.0,False,2017-10-18,10-Q,0001065280-17-000180,Revenues,Revenues,False
NFLX,1065280,2017,4,2017-10-01,2017-12-31,92,3285755000.0,3285755000.0,False,2018-01-29,10-K,0001065280-18-000069,Revenues,Revenues,False
NFLX,1065280,2018,1,2018-01-01,2018-03-31,90,3700856000.0,3700856000.0,False,2018-04-18,10-Q,0001065280-18-000205,Revenues,Revenues,False
NFLX,1065280,2018,2,2018-04-01,2018-06-30,91,3907270000.0,3907270000.0,False,2018-07-18,10-Q,0001065280-18-000360,Revenues,Revenues,False
NFLX,1065280,2018,3,2018-07-01,2018-09-30,92,3999374000.0,3999374000.0,False,2018-10-18,10-Q,0001065280-18-000538,Revenues,Revenues,False
NFLX,1065280,2018,4,2018-10-01,2018-12-31,92,4186841000.0,4186841000.0,False,2019-01-29,10-K,0001065280-19-000043,Revenues,Revenues,False
NFLX,1065280,2019,1,2019-01-01,2019-03-31,90,4520992000.0,4520992000.0,False,2019-04-18,10-Q,0001065280-19-000157,Revenues,Revenues,False
NFLX,1065280,2019,2,2019-04-01,2019-06-30,91,4923116000.0,4923116000.0,False,2019-07-19,10-Q,0001065280-19-000260,Revenues,Revenues,False
NFLX,1065280,2019,3,2019-07-01,2019-09-30,92,5244905000.0,5244905000.0,False,2019-10-18,10-Q,0001065280-19-000368,Revenues,Revenues,False
NFLX,1065280,2019,4,2019-10-01,2019-12-31,92,5467434000.0,5467434000.0,False,2020-01-29,10-K,0001065280-20-000040,Revenues,Revenues,False
NFLX,1065280,2020,1,2020-01-01,2020-03-31,91,5767691000.0,5767691000.0,False,2020-04-21,10-Q,0001065280-20-000155,Revenues,Revenues,False
NFLX,1065280,2020,2,2020-04-01,2020-06-30,91,6148286000.0,6148286000.0,False,2020-07-20,10-Q,0001065280-20-000309,Revenues,Revenues,False
NFLX,1065280,2020,3,2020-07-01,2020-09-30,92,6435637000.0,6435637000.0,False,2020-10-22,10-Q,0001065280-20-000451,Revenues,Revenues,False
NFLX,1065280,2020,4,2020-10-01,2020-12-31,92,6644442000.0,6644442000.0,False,2021-01-28,10-K,0001065280-21-000040,Revenues,Revenues,False
NFLX,1065280,2021,1,2021-01-01,2021-03-31,90,7163282000.0,7163282000.0,False,2021-04-22,10-Q,0001065280-21-000144,Revenues,Revenues,False
NFLX,1065280,2021,2,2021-04-01,2021-06-30,91,7341777000.0,7341777000.0,False,2021-07-22,10-Q,0001065280-21-000250,Revenues,Revenues,False
NFLX,1065280,2021,3,2021-07-01,2021-09-30,92,7483467000.0,7483467000.0,False,2021-10-21,10-Q,0001065280-21-000363,Revenues,Revenues,False
NFLX,1065280,2021,4,2021-10-01,2021-12-31,92,7709318000.0,7709318000.0,False,2022-01-27,10-K,0001065280-22-000036,Revenues,Revenues,True
NFLX,1065280,2022,1,2022-01-01,2022-03-31,90,7867767000.0,7867767000.0,False,2022-04-21,10-Q,0001065280-22-000145,Revenues,Revenues,False
NFLX,1065280,2022,2,2022-04-01,2022-06-30,91,7970141000.0,7970141000.0,False,2022-07-21,10-Q,0001065280-22-000257,Revenues,Revenues,False
NFLX,1065280,2022,3,2022-07-01,2022-09-30,92,7925589000.0,7925589000.0,False,2022-10-20,10-Q,0001065280-22-000368,Revenues,Revenues,False
NFLX,1065280,2022,4,2022-10-01,2022-12-31,92,7852053000.0,7852053000.0,False,2023-01-26,10-K,0001065280-23-000035,Revenues,Revenues,True
NFLX,1065280,2023,1,2023-01-01,2023-03-31,90,8161503000.0,8161503000.0,False,2023-04-21,10-Q,0001065280-23-000120,Revenues,Revenues,False
NFLX,1065280,2023,2,2023-04-01,2023-06-30,91,8187301000.0,8187301000.0,False,2023-07-21,10-Q,0001065280-23-000198,Revenues,Revenues,False
NFLX,1065280,2023,3,2023-07-01,2023-09-30,92,8541668000.0,8541668000.0,False,2023-10-20,10-Q,0001065280-23-000273,Revenues,Revenues,False
NFLX,1065280,2023,4,2023-10-01,2023-12-31,92,8832825000.0,8832825000.0,False,2024-01-26,10-K,0001065280-24-000030,Revenues,Revenues,True
NFLX,1065280,2024,1,2024-01-01,2024-03-31,91,9370440000.0,9370440000.0,False,2024-04-22,10-Q,0001065280-24-000128,Revenues,Revenues,False
NFLX,1065280,2024,2,2024-04-01,2024-06-30,91,9559310000.0,9559310000.0,False,2024-07-19,10-Q,0001065280-24-000200,Revenues,Revenues,False
NFLX,1065280,2024,3,2024-07-01,2024-09-30,92,9824703000.0,9824703000.0,False,2024-10-18,10-Q,0001065280-24-000287,Revenues,Revenues,False
NFLX,1065280,2024,4,2024-10-01,2024-12-31,92,10246513000.0,10246513000.0,False,2025-01-27,10-K,0001065280-25-000044,Revenues,Revenues,True
NFLX,1065280,2025,1,2025-01-01,2025-03-31,90,10542801000.0,10542801000.0,False,2025-04-18,10-Q,0001065280-25-000176,Revenues,Revenues,False
NFLX,1065280,2025,2,2025-04-01,2025-06-30,91,11079166000.0,11079166000.0,False,2025-07-18,10-Q,0001065280-25-000323,Revenues,Revenues,False
NFLX,1065280,2025,3,2025-07-01,2025-09-30,92,11510307000.0,11510307000.0,False,2025-10-22,10-Q,0001065280-25-000406,Revenues,Revenues,False
NFLX,1065280,2025,4,2025-10-01,2025-12-31,92,12050762000.0,12050762000.0,False,2026-01-23,10-K,0001065280-26-000034,Revenues,Revenues,True
NFLX,1065280,2026,1,2026-01-01,2026-03-31,90,12249757000.0,12249757000.0,False,2026-04-17,10-Q,0001065280-26-000138,Revenues,Revenues,False
NFLX,1065280,2026,2,2026-04-01,2026-06-30,91,12559938000.0,12559938000.0,False,2026-07-17,10-Q,0001065280-26-000212,Revenues,Revenues,False
SBUX,829224,2016,2,2015-12-28,2016-03-27,91,4993200000.0,4993200000.0,False,2016-04-26,10-Q,0000829224-16-000062,SalesRevenueNet,Revenues,False
SBUX,829224,2016,3,2016-03-28,2016-06-26,91,5238000000.0,5238000000.0,False,2016-07-27,10-Q,0000829224-16-000074,SalesRevenueNet,Revenues,False
SBUX,829224,2016,4,2016-06-27,2016-10-02,98,5711200000.0,5711200000.0,False,2016-11-18,10-K,0000829224-16-000083,SalesRevenueNet,Revenues,False
SBUX,829224,2017,1,2016-10-03,2017-01-01,91,5732900000.0,5732900000.0,False,2017-01-31,10-K,0000829224-18-000052,Revenues,Revenues,False
SBUX,829224,2017,2,2017-01-02,2017-04-02,91,5294000000.0,5294000000.0,False,2017-05-02,10-K,0000829224-18-000052,Revenues,Revenues,False
SBUX,829224,2017,3,2017-04-03,2017-07-02,91,5661500000.0,5661500000.0,False,2017-08-01,10-Q,0000829224-18-000037,Revenues,Revenues,False
SBUX,829224,2017,4,2017-07-03,2017-10-01,91,5698300000.0,5698300000.0,False,2017-11-17,10-K,0000829224-18-000052,Revenues,Revenues,False
SBUX,829224,2018,1,2017-10-02,2017-12-31,91,6073700000.0,6073700000.0,False,2018-01-31,10-K,0000829224-18-000052,Revenues,Revenues,False
SBUX,829224,2018,2,2018-01-01,2018-04-01,91,6031800000.0,6031800000.0,False,2018-05-01,10-K,0000829224-18-000052,Revenues,Revenues,False
SBUX,829224,2018,3,2018-04-02,2018-07-01,91,6310300000.0,6310300000.0,False,2018-07-31,10-Q,0000829224-18-000037,Revenues,Revenues,False
SBUX,829224,2018,4,2018-07-02,2018-09-30,91,6303600000.0,6303600000.0,False,2018-11-16,10-K,0000829224-18-000052,Revenues,Revenues,False
SBUX,829224,2019,1,2018-10-01,2018-12-30,91,6632700000.0,6632700000.0,False,2019-01-29,10-Q,0000829224-19-000011,Revenues,Revenues,False
SBUX,829224,2019,2,2018-12-31,2019-03-31,91,6305900000.0,6305900000.0,False,2019-04-30,10-Q,0000829224-19-000024,Revenues,Revenues,False
SBUX,829224,2019,3,2019-04-01,2019-06-30,91,6823000000.0,6823000000.0,False,2019-07-30,10-Q,0000829224-19-000036,Revenues,Revenues,False
SBUX,829224,2019,4,2019-07-01,2019-09-29,91,6747000000.0,6747000000.0,False,2019-11-15,10-K,0000829224-19-000051,Revenues,Revenues,False
SBUX,829224,2020,1,2019-09-30,2019-12-29,91,7097100000.0,7097100000.0,False,2020-01-28,10-Q,0000829224-20-000012,Revenues,Revenues,False
SBUX,829224,2020,2,2019-12-30,2020-03-29,91,5995700000.0,5995700000.0,False,2020-04-28,10-Q,0000829224-20-000045,Revenues,Revenues,False
SBUX,829224,2020,3,2020-03-30,2020-06-28,91,4222100000.0,4222100000.0,False,2020-07-28,10-Q,0000829224-20-000066,Revenues,Revenues,False
SBUX,829224,2020,4,2020-06-29,2020-09-27,91,6203100000.0,6203100000.0,False,2020-11-12,10-K,0000829224-20-000078,Revenues,Revenues,False
SBUX,829224,2021,1,2020-09-28,2020-12-27,91,6749400000.0,6749400000.0,False,2021-01-26,10-Q,0000829224-21-000029,Revenues,Revenues,False
SBUX,829224,2021,2,2020-12-28,2021-03-28,91,6668000000.0,6668000000.0,False,2021-04-27,10-Q,0000829224-21-000053,Revenues,Revenues,False
SBUX,829224,2021,3,2021-03-29,2021-06-27,91,7496500000.0,7496500000.0,False,2021-07-27,10-Q,0000829224-21-000075,Revenues,Revenues,False
SBUX,829224,2021,4,2021-06-28,2021-10-03,98,8146700000.0,8146700000.0,False,2021-11-19,10-K,0000829224-21-000086,Revenues,Revenues,True
SBUX,829224,2022,1,2021-10-04,2022-01-02,91,8050400000.0,8050400000.0,False,2022-02-01,10-Q,0000829224-22-000012,Revenues,Revenues,False
SBUX,829224,2022,2,2022-01-03,2022-04-03,91,7635600000.0,7635600000.0,False,2022-05-03,10-Q,0000829224-22-000030,Revenues,Revenues,False
SBUX,829224,2022,3,2022-04-04,2022-07-03,91,8150100000.0,8150100000.0,False,2022-08-02,10-Q,0000829224-22-000039,Revenues,Revenues,False
SBUX,829224,2022,4,2022-07-04,2022-10-02,91,8414200000.0,8414200000.0,False,2022-11-18,10-K,0000829224-22-000058,Revenues,Revenues,True
SBUX,829224,2023,1,2022-10-03,2023-01-01,91,8713900000.0,8713900000.0,False,2023-02-02,10-Q,0000829224-23-000017,Revenues,Revenues,False
SBUX,829224,2023,2,2023-01-02,2023-04-02,91,8719800000.0,8719800000.0,False,2023-05-02,10-Q,0000829224-23-000037,Revenues,Revenues,False
SBUX,829224,2023,3,2023-04-03,2023-07-02,91,9168300000.0,9168300000.0,False,2023-08-01,10-Q,0000829224-23-000044,Revenues,Revenues,False
SBUX,829224,2023,4,2023-07-03,2023-10-01,91,9373600000.0,9373600000.0,False,2023-11-17,10-K,0000829224-23-000058,Revenues,Revenues,True
SBUX,829224,2024,1,2023-10-02,2023-12-31,91,9425300000.0,9425300000.0,False,2024-01-30,10-Q,0000829224-24-000013,Revenues,Revenues,False
SBUX,829224,2024,2,2024-01-01,2024-03-31,91,8563000000.0,8563000000.0,False,2024-04-30,10-Q,0000829224-24-000024,Revenues,Revenues,False
SBUX,829224,2024,3,2024-04-01,2024-06-30,91,9113900000.0,9113900000.0,False,2024-07-30,10-Q,0000829224-24-000042,Revenues,Revenues,False
SBUX,829224,2024,4,2024-07-01,2024-09-29,91,9074000000.0,9074000000.0,False,2024-11-20,10-K,0000829224-24-000057,Revenues,Revenues,True
SBUX,829224,2025,1,2024-09-30,2024-12-29,91,9397800000.0,9397800000.0,False,2025-01-28,10-Q,0000829224-25-000014,Revenues,Revenues,False
SBUX,829224,2025,2,2024-12-30,2025-03-30,91,8761600000.0,8761600000.0,False,2025-04-29,10-Q,0000829224-25-000034,Revenues,Revenues,False
SBUX,829224,2025,3,2025-03-31,2025-06-29,91,9456000000.0,9456000000.0,False,2025-07-29,10-Q,0000829224-25-000058,Revenues,Revenues,False
SBUX,829224,2025,4,2025-06-30,2025-09-28,91,9569000000.0,9569000000.0,False,2025-11-14,10-K,0000829224-25-000114,Revenues,Revenues,True
SBUX,829224,2026,1,2025-09-29,2025-12-28,91,9915100000.0,9915100000.0,False,2026-01-28,10-Q,0000829224-26-000011,Revenues,Revenues,False
SBUX,829224,2026,2,2025-12-29,2026-03-29,91,9531500000.0,9531500000.0,False,2026-04-28,10-Q,0000829224-26-000080,Revenues,Revenues,False
SBUX,829224,2026,3,2026-03-30,2026-06-28,91,9322700000.0,9322700000.0,False,2026-07-29,10-Q,0000829224-26-000130,Revenues,Revenues,False
TGT,27419,2018,1,2017-01-29,2017-04-29,91,15995000000.0,16223000000.0,True,2017-05-22,10-Q,0000027419-18-000018,RevenueFromContractWithCustomerExcludingAssessedTax,RevenueFromContractWithCustomerExcludingAssessedTax,False
TGT,27419,2018,2,2017-04-30,2017-07-29,91,16410000000.0,16634000000.0,True,2017-08-21,10-Q,0000027419-18-000027,RevenueFromContractWithCustomerExcludingAssessedTax,RevenueFromContractWithCustomerExcludingAssessedTax,False
TGT,27419,2018,3,2017-07-30,2017-10-28,91,16874000000.0,16874000000.0,False,2017-11-20,10-Q,0000027419-18-000036,RevenueFromContractWithCustomerExcludingAssessedTax,RevenueFromContractWithCustomerExcludingAssessedTax,False
TGT,27419,2018,4,2017-10-29,2018-02-03,98,22983000000.0,22983000000.0,False,2018-03-14,10-K,0000027419-19-000006,RevenueFromContractWithCustomerExcludingAssessedTax,RevenueFromContractWithCustomerExcludingAssessedTax,False
TGT,27419,2019,1,2018-02-04,2018-05-05,91,16556000000.0,16781000000.0,True,2018-05-29,10-Q,0000027419-18-000018,RevenueFromContractWithCustomerExcludingAssessedTax,RevenueFromContractWithCustomerExcludingAssessedTax,False
TGT,27419,2019,2,2018-05-06,2018-08-04,91,17552000000.0,17776000000.0,True,2018-08-27,10-Q,0000027419-18-000027,RevenueFromContractWithCustomerExcludingAssessedTax,RevenueFromContractWithCustomerExcludingAssessedTax,False
TGT,27419,2019,3,2018-08-05,2018-11-03,91,17821000000.0,17821000000.0,False,2018-11-27,10-Q,0000027419-18-000036,RevenueFromContractWithCustomerExcludingAssessedTax,RevenueFromContractWithCustomerExcludingAssessedTax,False
TGT,27419,2019,4,2018-11-04,2019-02-02,91,22977000000.0,22977000000.0,False,2019-03-13,10-K,0000027419-19-000006,RevenueFromContractWithCustomerExcludingAssessedTax,RevenueFromContractWithCustomerExcludingAssessedTax,False
TGT,27419,2020,1,2019-02-03,2019-05-04,91,17627000000.0,17627000000.0,False,2019-05-31,10-Q,0000027419-19-000013,RevenueFromContractWithCustomerExcludingAssessedTax,RevenueFromContractWithCustomerExcludingAssessedTax,False
TGT,27419,2020,2,2019-05-05,2019-08-03,91,18422000000.0,18422000000.0,False,2019-08-30,10-Q,0000027419-19-000021,RevenueFromContractWithCustomerExcludingAssessedTax,RevenueFromContractWithCustomerExcludingAssessedTax,False
TGT,27419,2020,3,2019-08-04,2019-11-02,91,18665000000.0,18665000000.0,False,2019-11-27,10-Q,0000027419-19-000026,RevenueFromContractWithCustomerExcludingAssessedTax,RevenueFromContractWithCustomerExcludingAssessedTax,False
TGT,27419,2020,4,2019-11-03,2020-02-01,91,23398000000.0,23398000000.0,False,2020-03-11,10-K,0000027419-20-000008,RevenueFromContractWithCustomerExcludingAssessedTax,RevenueFromContractWithCustomerExcludingAssessedTax,False
TGT,27419,2021,1,2020-02-02,2020-05-02,91,19615000000.0,19615000000.0,False,2020-05-29,10-Q,0000027419-20-000014,RevenueFromContractWithCustomerExcludingAssessedTax,RevenueFromContractWithCustomerExcludingAssessedTax,False
TGT,27419,2021,2,2020-05-03,2020-08-01,91,22975000000.0,22975000000.0,False,2020-08-28,10-Q,0000027419-20-000023,RevenueFromContractWithCustomerExcludingAssessedTax,RevenueFromContractWithCustomerExcludingAssessedTax,False
TGT,27419,2021,3,2020-08-02,2020-10-31,91,22632000000.0,22632000000.0,False,2020-11-25,10-Q,0000027419-20-000034,RevenueFromContractWithCustomerExcludingAssessedTax,RevenueFromContractWithCustomerExcludingAssessedTax,False
TGT,27419,2021,4,2020-11-01,2021-01-30,91,28339000000.0,28339000000.0,False,2021-03-10,10-K,0000027419-21-000010,RevenueFromContractWithCustomerExcludingAssessedTax,RevenueFromContractWithCustomerExcludingAssessedTax,True
TGT,27419,2022,1,2021-01-31,2021-05-01,91,24197000000.0,24197000000.0,False,2021-05-28,10-Q,0000027419-21-000017,RevenueFromContractWithCustomerExcludingAssessedTax,RevenueFromContractWithCustomerExcludingAssessedTax,False
TGT,27419,2022,2,2021-05-02,2021-07-31,91,25160000000.0,25160000000.0,False,2021-08-27,10-Q,0000027419-21-000026,RevenueFromContractWithCustomerExcludingAssessedTax,RevenueFromContractWithCustomerExcludingAssessedTax,False
TGT,27419,2022,3,2021-08-01,2021-10-30,91,25652000000.0,25652000000.0,False,2021-11-24,10-Q,0000027419-21-000034,RevenueFromContractWithCustomerExcludingAssessedTax,RevenueFromContractWithCustomerExcludingAssessedTax,False
TGT,27419,2022,4,2021-10-31,2022-01-29,91,30996000000.0,30996000000.0,False,2022-03-09,10-K,0000027419-22-000007,RevenueFromContractWithCustomerExcludingAssessedTax,RevenueFromContractWithCustomerExcludingAssessedTax,True
TGT,27419,2023,1,2022-01-30,2022-04-30,91,25170000000.0,25170000000.0,False,2022-05-27,10-Q,0000027419-22-000015,RevenueFromContractWithCustomerExcludingAssessedTax,RevenueFromContractWithCustomerExcludingAssessedTax,False
TGT,27419,2023,2,2022-05-01,2022-07-30,91,26037000000.0,26037000000.0,False,2022-08-26,10-Q,0000027419-22-000027,RevenueFromContractWithCustomerExcludingAssessedTax,RevenueFromContractWithCustomerExcludingAssessedTax,False
TGT,27419,2023,3,2022-07-31,2022-10-29,91,26518000000.0,26518000000.0,False,2022-11-23,10-Q,0000027419-22-000037,RevenueFromContractWithCustomerExcludingAssessedTax,RevenueFromContractWithCustomerExcludingAssessedTax,False
TGT,27419,2023,4,2022-10-30,2023-01-28,91,31395000000.0,31395000000.0,False,2023-03-08,10-K,0000027419-23-000015,RevenueFromContractWithCustomerExcludingAssessedTax,RevenueFromContractWithCustomerExcludingAssessedTax,True
TGT,27419,2024,1,2023-01-29,2023-04-29,91,25322000000.0,25322000000.0,False,2023-05-26,10-Q,0000027419-23-000025,RevenueFromContractWithCustomerExcludingAssessedTax,RevenueFromContractWithCustomerExcludingAssessedTax,False
TGT,27419,2024,2,2023-04-30,2023-07-29,91,24773000000.0,24773000000.0,False,2023-08-25,10-Q,0000027419-23-000035,RevenueFromContractWithCustomerExcludingAssessedTax,RevenueFromContractWithCustomerExcludingAssessedTax,False
TGT,27419,2024,3,2023-07-30,2023-10-28,91,25398000000.0,25398000000.0,False,2023-11-22,10-Q,0000027419-23-000052,RevenueFromContractWithCustomerExcludingAssessedTax,RevenueFromContractWithCustomerExcludingAssessedTax,False
TGT,27419,2024,4,2023-10-29,2024-02-03,98,31919000000.0,31919000000.0,False,2024-03-13,10-K,0000027419-24-000032,RevenueFromContractWithCustomerExcludingAssessedTax,RevenueFromContractWithCustomerExcludingAssessedTax,True
TGT,27419,2025,1,2024-02-04,2024-05-04,91,24531000000.0,24531000000.0,False,2024-05-31,10-Q,0000027419-24-000129,RevenueFromContractWithCustomerExcludingAssessedTax,RevenueFromContractWithCustomerExcludingAssessedTax,False
TGT,27419,2025,2,2024-05-05,2024-08-03,91,25452000000.0,25452000000.0,False,2024-08-30,10-Q,0000027419-24-000152,RevenueFromContractWithCustomerExcludingAssessedTax,RevenueFromContractWithCustomerExcludingAssessedTax,False
TGT,27419,2025,3,2024-08-04,2024-11-02,91,25668000000.0,25668000000.0,False,2024-11-27,10-Q,0000027419-24-000179,RevenueFromContractWithCustomerExcludingAssessedTax,RevenueFromContractWithCustomerExcludingAssessedTax,False
TGT,27419,2025,4,2024-11-03,2025-02-01,91,30915000000.0,30915000000.0,False,2025-03-12,10-K,0000027419-25-000018,RevenueFromContractWithCustomerExcludingAssessedTax,RevenueFromContractWithCustomerExcludingAssessedTax,True
TGT,27419,2026,1,2025-02-02,2025-05-03,91,23846000000.0,23846000000.0,False,2025-05-30,10-Q,0000027419-25-000101,RevenueFromContractWithCustomerExcludingAssessedTax,RevenueFromContractWithCustomerExcludingAssessedTax,False
TGT,27419,2026,2,2025-05-04,2025-08-02,91,25211000000.0,25211000000.0,False,2025-08-29,10-Q,0000027419-25-000118,RevenueFromContractWithCustomerExcludingAssessedTax,RevenueFromContractWithCustomerExcludingAssessedTax,False
TGT,27419,2026,3,2025-08-03,2025-11-01,91,25270000000.0,25270000000.0,False,2025-11-26,10-Q,0000027419-25-000126,RevenueFromContractWithCustomerExcludingAssessedTax,RevenueFromContractWithCustomerExcludingAssessedTax,False
TGT,27419,2026,4,2025-11-02,2026-01-31,91,30453000000.0,30453000000.0,False,2026-03-11,10-K,0000027419-26-000016,RevenueFromContractWithCustomerExcludingAssessedTax,RevenueFromContractWithCustomerExcludingAssessedTax,True
TGT,27419,2027,1,2026-02-01,2026-05-02,91,25443000000.0,25443000000.0,False,2026-05-29,10-Q,0000027419-26-000022,RevenueFromContractWithCustomerExcludingAssessedTax,RevenueFromContractWithCustomerExcludingAssessedTax,False
TGT,27419,2027,2,2026-05-03,2026-08-01,91,26539000000.0,26539000000.0,False,2026-08-28,10-Q,0000027419-26-000042,RevenueFromContractWithCustomerExcludingAssessedTax,RevenueFromContractWithCustomerExcludingAssessedTax,False
TJX,109198,2016,4,2015-11-01,2016-01-30,91,8962075000.0,8962075000.0,False,2016-03-29,10-K,0001193125-16-521424,SalesRevenueNet,RevenueFromContractWithCustomerIncludingAssessedTax,False
TJX,109198,2017,1,2016-05-01,2016-07-30,91,7882053000.0,7882053000.0,False,2016-08-26,10-Q,0001193125-16-693604,SalesRevenueNet,RevenueFromContractWithCustomerIncludingAssessedTax,False
TJX,109198,2017,2,2016-07-31,2016-10-29,91,8291688000.0,8291688000.0,False,2016-11-30,10-Q,0001193125-16-780747,SalesRevenueNet,RevenueFromContractWithCustomerIncludingAssessedTax,False
TJX,109198,2017,3,2016-10-30,2017-01-28,91,9467647000.0,9467647000.0,False,2017-03-28,10-K,0001193125-17-099642,SalesRevenueNet,RevenueFromContractWithCustomerIncludingAssessedTax,False
TJX,109198,2018,1,2017-01-29,2017-04-29,91,7784024000.0,7784024000.0,False,2017-05-26,10-K,0001628280-19-003834,RevenueFromContractWithCustomerIncludingAssessedTax,RevenueFromContractWithCustomerIncludingAssessedTax,False
TJX,109198,2018,2,2017-04-30,2017-07-29,91,8357700000.0,8357700000.0,False,2017-08-25,10-Q,0001628280-18-011568,RevenueFromContractWithCustomerIncludingAssessedTax,RevenueFromContractWithCustomerIncludingAssessedTax,False
TJX,109198,2018,3,2017-07-30,2017-10-28,91,8762220000.0,8762220000.0,False,2017-11-28,10-Q,0001628280-18-014818,RevenueFromContractWithCustomerIncludingAssessedTax,RevenueFromContractWithCustomerIncludingAssessedTax,False
TJX,109198,2018,4,2017-10-29,2018-02-03,98,10960720000.0,10960720000.0,False,2018-04-04,10-K,0001628280-19-003834,RevenueFromContractWithCustomerIncludingAssessedTax,RevenueFromContractWithCustomerIncludingAssessedTax,False
TJX,109198,2019,1,2018-02-04,2018-05-05,91,8688720000.0,8688720000.0,False,2018-06-01,10-K,0001628280-19-003834,RevenueFromContractWithCustomerIncludingAssessedTax,RevenueFromContractWithCustomerIncludingAssessedTax,False
TJX,109198,2019,2,2018-05-06,2018-08-04,91,9331115000.0,9331115000.0,False,2018-08-31,10-Q,0001628280-18-011568,RevenueFromContractWithCustomerIncludingAssessedTax,RevenueFromContractWithCustomerIncludingAssessedTax,False
TJX,109198,2019,3,2018-08-05,2018-11-03,91,9825759000.0,9825759000.0,False,2018-12-04,10-Q,0001628280-18-014818,RevenueFromContractWithCustomerIncludingAssessedTax,RevenueFromContractWithCustomerIncludingAssessedTax,False
TJX,109198,2019,4,2018-11-04,2019-02-02,91,11127340000.0,11127340000.0,False,2019-04-03,10-K,0001628280-19-003834,RevenueFromContractWithCustomerIncludingAssessedTax,RevenueFromContractWithCustomerIncludingAssessedTax,False
TJX,109198,2020,1,2019-02-03,2019-05-04,91,9277585000.0,9277585000.0,False,2019-05-31,10-Q,0001628280-19-007432,RevenueFromContractWithCustomerIncludingAssessedTax,RevenueFromContractWithCustomerIncludingAssessedTax,False
TJX,109198,2020,2,2019-05-05,2019-08-03,91,9781596000.0,9781596000.0,False,2019-08-30,10-Q,0001628280-19-011321,RevenueFromContractWithCustomerIncludingAssessedTax,RevenueFromContractWithCustomerIncludingAssessedTax,False
TJX,109198,2020,3,2019-08-04,2019-11-02,91,10451334000.0,10451334000.0,False,2019-12-03,10-Q,0001628280-19-014690,RevenueFromContractWithCustomerIncludingAssessedTax,RevenueFromContractWithCustomerIncludingAssessedTax,False
TJX,109198,2020,4,2019-11-03,2020-02-01,91,12206462000.0,12206462000.0,False,2020-03-27,10-K,0000109198-20-000004,RevenueFromContractWithCustomerIncludingAssessedTax,RevenueFromContractWithCustomerIncludingAssessedTax,False
TJX,109198,2021,1,2020-02-02,2020-05-02,91,4408888000.0,4408888000.0,False,2020-05-21,10-Q,0000109198-20-000007,RevenueFromContractWithCustomerIncludingAssessedTax,RevenueFromContractWithCustomerIncludingAssessedTax,False
TJX,109198,2021,2,2020-05-03,2020-08-01,91,6667575000.0,6667575000.0,False,2020-08-28,10-Q,0000109198-20-000019,RevenueFromContractWithCustomerIncludingAssessedTax,RevenueFromContractWithCustomerIncludingAssessedTax,False
TJX,109198,2021,3,2020-08-02,2020-10-31,91,10117289000.0,10117289000.0,False,2020-12-01,10-Q,0000109198-20-000027,RevenueFromContractWithCustomerIncludingAssessedTax,RevenueFromContractWithCustomerIncludingAssessedTax,False
TJX,109198,2021,4,2020-11-01,2021-01-30,91,10943210000.0,10943210000.0,False,2021-03-31,10-K,0000109198-21-000006,RevenueFromContractWithCustomerIncludingAssessedTax,RevenueFromContractWithCustomerIncludingAssessedTax,False
TJX,109198,2022,1,2021-01-31,2021-05-01,91,10086661000.0,10086661000.0,False,2021-05-28,10-Q,0000109198-21-000019,RevenueFromContractWithCustomerIncludingAssessedTax,RevenueFromContractWithCustomerIncludingAssessedTax,False
TJX,109198,2022,2,2021-05-02,2021-07-31,91,12077063000.0,12077063000.0,False,2021-08-27,10-Q,0000109198-21-000027,RevenueFromContractWithCustomerIncludingAssessedTax,RevenueFromContractWithCustomerIncludingAssessedTax,False
TJX,109198,2022,3,2021-08-01,2021-10-30,91,12531890000.0,12531890000.0,False,2021-11-30,10-Q,0000109198-21-000030,RevenueFromContractWithCustomerIncludingAssessedTax,RevenueFromContractWithCustomerIncludingAssessedTax,False
TJX,109198,2022,4,2021-10-31,2022-01-29,91,13854368000.0,13854386000.0,False,2022-03-30,10-K,0000109198-22-000008,RevenueFromContractWithCustomerIncludingAssessedTax,RevenueFromContractWithCustomerIncludingAssessedTax,True
TJX,109198,2023,1,2022-01-30,2022-04-30,91,11406474000.0,11406000000.0,False,2022-05-27,10-Q,0000109198-22-000029,RevenueFromContractWithCustomerIncludingAssessedTax,RevenueFromContractWithCustomerIncludingAssessedTax,False
TJX,109198,2023,2,2022-05-01,2022-07-30,91,11843008000.0,11843000000.0,False,2022-08-26,10-Q,0000109198-22-000041,RevenueFromContractWithCustomerIncludingAssessedTax,RevenueFromContractWithCustomerIncludingAssessedTax,False
TJX,109198,2023,3,2022-07-31,2022-10-29,91,12166286000.0,12167000000.0,False,2022-11-29,10-Q,0000109198-22-000044,RevenueFromContractWithCustomerIncludingAssessedTax,RevenueFromContractWithCustomerIncludingAssessedTax,False
TJX,109198,2023,4,2022-10-30,2023-01-28,91,14520232000.0,14520000000.0,False,2023-03-29,10-K,0000109198-23-000004,RevenueFromContractWithCustomerIncludingAssessedTax,RevenueFromContractWithCustomerIncludingAssessedTax,True
TJX,109198,2024,1,2023-01-29,2023-04-29,91,11783000000.0,11783000000.0,False,2023-05-26,10-Q,0000109198-23-000031,RevenueFromContractWithCustomerIncludingAssessedTax,RevenueFromContractWithCustomerIncludingAssessedTax,False
TJX,109198,2024,2,2023-04-30,2023-07-29,91,12758000000.0,12758000000.0,False,2023-08-25,10-Q,0000109198-23-000051,RevenueFromContractWithCustomerIncludingAssessedTax,RevenueFromContractWithCustomerIncludingAssessedTax,False
TJX,109198,2024,3,2023-07-30,2023-10-28,91,13265000000.0,13265000000.0,False,2023-11-29,10-Q,0000109198-23-000060,RevenueFromContractWithCustomerIncludingAssessedTax,RevenueFromContractWithCustomerIncludingAssessedTax,False
TJX,109198,2024,4,2023-10-29,2024-02-03,98,16411000000.0,16411000000.0,False,2024-04-03,10-K,0000109198-24-000014,RevenueFromContractWithCustomerIncludingAssessedTax,RevenueFromContractWithCustomerIncludingAssessedTax,True
TJX,109198,2025,1,2024-02-04,2024-05-04,91,12479000000.0,12479000000.0,False,2024-05-31,10-Q,0000109198-24-000035,RevenueFromContractWithCustomerIncludingAssessedTax,RevenueFromContractWithCustomerIncludingAssessedTax,False
TJX,109198,2025,2,2024-05-05,2024-08-03,91,13468000000.0,13468000000.0,False,2024-08-30,10-Q,0000109198-24-000048,RevenueFromContractWithCustomerIncludingAssessedTax,RevenueFromContractWithCustomerIncludingAssessedTax,False
TJX,109198,2025,3,2024-08-04,2024-11-02,91,14063000000.0,14063000000.0,False,2024-12-04,10-Q,0000109198-24-000059,RevenueFromContractWithCustomerIncludingAssessedTax,RevenueFromContractWithCustomerIncludingAssessedTax,False
TJX,109198,2025,4,2024-11-03,2025-02-01,91,16350000000.0,16350000000.0,False,2025-04-02,10-K,0000109198-25-000010,RevenueFromContractWithCustomerIncludingAssessedTax,RevenueFromContractWithCustomerIncludingAssessedTax,True
TJX,109198,2026,1,2025-02-02,2025-05-03,91,13111000000.0,13111000000.0,False,2025-05-30,10-Q,0000109198-25-000043,RevenueFromContractWithCustomerIncludingAssessedTax,RevenueFromContractWithCustomerIncludingAssessedTax,False
TJX,109198,2026,2,2025-05-04,2025-08-02,91,14401000000.0,14401000000.0,False,2025-08-29,10-Q,0000109198-25-000054,RevenueFromContractWithCustomerIncludingAssessedTax,RevenueFromContractWithCustomerIncludingAssessedTax,False
TJX,109198,2026,3,2025-08-03,2025-11-01,91,15117000000.0,15117000000.0,False,2025-12-02,10-Q,0000109198-25-000061,RevenueFromContractWithCustomerIncludingAssessedTax,RevenueFromContractWithCustomerIncludingAssessedTax,False
TJX,109198,2026,4,2025-11-02,2026-01-31,91,17743000000.0,17743000000.0,False,2026-03-31,10-K,0000109198-26-000008,RevenueFromContractWithCustomerIncludingAssessedTax,RevenueFromContractWithCustomerIncludingAssessedTax,True
TJX,109198,2027,1,2026-02-01,2026-05-02,91,14323000000.0,14323000000.0,False,2026-05-29,10-Q,0000109198-26-000034,RevenueFromContractWithCustomerIncludingAssessedTax,RevenueFromContractWithCustomerIncludingAssessedTax,False
TJX,109198,2027,2,2026-05-03,2026-08-01,91,15180000000.0,15180000000.0,False,2026-08-28,10-Q,0000109198-26-000048,RevenueFromContractWithCustomerIncludingAssessedTax,RevenueFromContractWithCustomerIncludingAssessedTax,False
UBER,1543151,2018,1,2018-01-01,2018-03-31,90,2584000000.0,2584000000.0,False,2019-06-04,10-Q,0001628280-19-007524,Revenues,Revenues,False
UBER,1543151,2018,2,2018-04-01,2018-06-30,91,2768000000.0,2768000000.0,False,2019-08-09,10-Q,0001543151-19-000009,Revenues,Revenues,False
UBER,1543151,2018,3,2018-07-01,2018-09-30,92,2944000000.0,2944000000.0,False,2019-11-05,10-Q,0001543151-19-000017,Revenues,Revenues,False
UBER,1543151,2018,4,2018-10-01,2018-12-31,92,2974000000.0,2137000000.0,True,2020-03-02,10-K,0001543151-20-000010,Revenues,Revenues,True
UBER,1543151,2019,1,2019-01-01,2019-03-31,90,3099000000.0,3099000000.0,False,2019-06-04,10-Q,0001628280-19-007524,Revenues,Revenues,False
UBER,1543151,2019,2,2019-04-01,2019-06-30,91,3166000000.0,3166000000.0,False,2019-08-09,10-Q,0001543151-19-000009,Revenues,Revenues,False
UBER,1543151,2019,3,2019-07-01,2019-09-30,92,3813000000.0,3813000000.0,False,2019-11-05,10-Q,0001543151-19-000017,Revenues,Revenues,False
UBER,1543151,2019,4,2019-10-01,2019-12-31,92,4069000000.0,2922000000.0,True,2020-03-02,10-K,0001543151-20-000010,Revenues,Revenues,True
UBER,1543151,2020,1,2020-01-01,2020-03-31,91,3543000000.0,3248000000.0,True,2020-05-08,10-Q,0001543151-20-000022,Revenues,Revenues,False
UBER,1543151,2020,2,2020-04-01,2020-06-30,91,2241000000.0,1913000000.0,True,2020-08-07,10-Q,0001543151-20-000029,Revenues,Revenues,False
UBER,1543151,2020,3,2020-07-01,2020-09-30,92,3129000000.0,2813000000.0,True,2020-11-06,10-Q,0001628280-20-015936,Revenues,Revenues,False
UBER,1543151,2020,4,2020-10-01,2020-12-31,92,2226000000.0,3165000000.0,True,2021-03-01,10-K,0001543151-21-000014,Revenues,Revenues,True
UBER,1543151,2021,1,2021-01-01,2021-03-31,90,2903000000.0,2903000000.0,False,2021-05-06,10-Q,0001543151-21-000029,Revenues,Revenues,False
UBER,1543151,2021,2,2021-04-01,2021-06-30,91,3929000000.0,3929000000.0,False,2021-08-05,10-Q,0001543151-21-000038,Revenues,Revenues,False
UBER,1543151,2021,3,2021-07-01,2021-09-30,92,4845000000.0,4845000000.0,False,2021-11-09,10-Q,0001543151-21-000047,Revenues,Revenues,False
UBER,1543151,2021,4,2021-10-01,2021-12-31,92,5778000000.0,5778000000.0,False,2022-02-24,10-K,0001543151-22-000008,Revenues,Revenues,True
UBER,1543151,2022,1,2022-01-01,2022-03-31,90,6854000000.0,6854000000.0,False,2022-05-05,10-Q,0001543151-22-000015,Revenues,Revenues,False
UBER,1543151,2022,2,2022-04-01,2022-06-30,91,8073000000.0,8073000000.0,False,2022-08-04,10-Q,0001543151-22-000024,Revenues,Revenues,False
UBER,1543151,2022,3,2022-07-01,2022-09-30,92,8343000000.0,8343000000.0,False,2022-11-02,10-Q,0001543151-22-000034,Revenues,Revenues,False
UBER,1543151,2022,4,2022-10-01,2022-12-31,92,8607000000.0,8607000000.0,False,2023-02-21,10-K,0001543151-23-000010,Revenues,Revenues,True
UBER,1543151,2023,1,2023-01-01,2023-03-31,90,8823000000.0,8823000000.0,False,2023-05-03,10-Q,0001543151-23-000016,Revenues,Revenues,False
UBER,1543151,2023,2,2023-04-01,2023-06-30,91,9230000000.0,9230000000.0,False,2023-08-02,10-Q,0001543151-23-000025,Revenues,Revenues,False
UBER,1543151,2023,3,2023-07-01,2023-09-30,92,9292000000.0,9292000000.0,False,2023-11-07,10-Q,0001543151-23-000039,Revenues,Revenues,False
UBER,1543151,2023,4,2023-10-01,2023-12-31,92,9936000000.0,9936000000.0,False,2024-02-15,10-K,0001543151-24-000012,Revenues,Revenues,True
UBER,1543151,2024,1,2024-01-01,2024-03-31,91,10131000000.0,10131000000.0,False,2024-05-08,10-Q,0001543151-24-000020,Revenues,Revenues,False
UBER,1543151,2024,2,2024-04-01,2024-06-30,91,10700000000.0,10700000000.0,False,2024-08-06,10-Q,0001543151-24-000027,Revenues,Revenues,False
UBER,1543151,2024,3,2024-07-01,2024-09-30,92,11188000000.0,11188000000.0,False,2024-10-31,10-Q,0001543151-24-000036,Revenues,Revenues,False
UBER,1543151,2024,4,2024-10-01,2024-12-31,92,11959000000.0,11959000000.0,False,2026-01-12,8-K,0001543151-26-000005,Revenues,Revenues,False
UBER,1543151,2025,1,2025-01-01,2025-03-31,90,11533000000.0,11533000000.0,False,2025-05-07,10-Q,0001543151-25-000015,Revenues,Revenues,False
UBER,1543151,2025,2,2025-04-01,2025-06-30,91,12651000000.0,12651000000.0,False,2025-08-06,10-Q,0001543151-25-000023,Revenues,Revenues,False
UBER,1543151,2025,3,2025-07-01,2025-09-30,92,13467000000.0,13467000000.0,False,2025-11-04,10-Q,0001543151-25-000033,Revenues,Revenues,False
UBER,1543151,2025,4,2025-10-01,2025-12-31,92,14366000000.0,14366000000.0,False,2026-02-13,10-K,0001543151-26-000015,Revenues,Revenues,True
UBER,1543151,2026,1,2026-01-01,2026-03-31,90,13203000000.0,13203000000.0,False,2026-05-06,10-Q,0001543151-26-000022,Revenues,Revenues,False
UBER,1543151,2026,2,2026-04-01,2026-06-30,91,14191000000.0,14191000000.0,False,2026-08-05,10-Q,0001543151-26-000032,Revenues,Revenues,False
ULTA,1403568,2016,4,2015-11-01,2016-01-30,91,1268295000.0,1268295000.0,False,2016-03-30,10-K,0001193125-16-523101,SalesRevenueNet,Revenues,False
ULTA,1403568,2017,1,2016-01-31,2016-04-30,91,1073716000.0,1073716000.0,False,2016-06-02,10-Q,0001193125-16-611186,SalesRevenueNet,Revenues,False
ULTA,1403568,2017,2,2016-05-01,2016-07-30,91,1069215000.0,1069215000.0,False,2016-08-25,10-Q,0001193125-16-691686,SalesRevenueNet,Revenues,False
ULTA,1403568,2017,3,2016-07-31,2016-10-29,91,1131232000.0,1131232000.0,False,2016-12-01,10-Q,0001193125-16-782523,SalesRevenueNet,Revenues,False
ULTA,1403568,2017,4,2016-10-30,2017-01-28,91,1580574000.0,1580574000.0,False,2017-03-28,10-K,0001193125-17-099261,SalesRevenueNet,Revenues,False
ULTA,1403568,2018,1,2017-01-29,2017-04-29,91,1314879000.0,1314879000.0,False,2017-06-01,10-Q,0001558370-18-005078,Revenues,Revenues,False
ULTA,1403568,2018,2,2017-04-30,2017-07-29,91,1289854000.0,1289854000.0,False,2017-08-31,10-Q,0001558370-18-007310,Revenues,Revenues,False
ULTA,1403568,2018,3,2017-07-30,2017-10-28,91,1342181000.0,1342181000.0,False,2017-11-30,10-Q,0001558370-18-009611,Revenues,Revenues,False
ULTA,1403568,2018,4,2017-10-29,2018-02-03,98,1937592000.0,1937592000.0,False,2018-04-03,10-K,0001558370-19-002739,Revenues,Revenues,False
ULTA,1403568,2019,1,2018-02-04,2018-05-05,91,1543667000.0,1543667000.0,False,2018-06-01,10-Q,0001558370-18-005078,Revenues,Revenues,False
ULTA,1403568,2019,2,2018-05-06,2018-08-04,91,1488221000.0,1488221000.0,False,2018-08-30,10-Q,0001558370-18-007310,Revenues,Revenues,False
ULTA,1403568,2019,3,2018-08-05,2018-11-03,91,1560011000.0,1560011000.0,False,2018-12-06,10-Q,0001558370-18-009611,Revenues,Revenues,False
ULTA,1403568,2019,4,2018-11-04,2019-02-02,91,2124716000.0,2124716000.0,False,2019-04-02,10-K,0001558370-19-002739,Revenues,Revenues,False
ULTA,1403568,2020,1,2019-02-03,2019-05-04,91,1743029000.0,1743029000.0,False,2019-05-30,10-Q,0001558370-19-005390,Revenues,Revenues,False
ULTA,1403568,2020,2,2019-05-05,2019-08-03,91,1666607000.0,1666607000.0,False,2019-08-29,10-Q,0001558370-19-008397,Revenues,Revenues,False
ULTA,1403568,2020,3,2019-08-04,2019-11-02,91,1682514000.0,1682514000.0,False,2019-12-05,10-Q,0001558370-19-011366,Revenues,Revenues,False
ULTA,1403568,2020,4,2019-11-03,2020-02-01,91,2305918000.0,2305918000.0,False,2020-03-27,10-K,0001558370-20-003272,Revenues,Revenues,False
ULTA,1403568,2021,1,2020-02-02,2020-05-02,91,1173210000.0,1173210000.0,False,2020-05-28,10-Q,0001558370-20-007085,Revenues,Revenues,False
ULTA,1403568,2021,2,2020-05-03,2020-08-01,91,1228009000.0,1228009000.0,False,2020-08-27,10-Q,0001558370-20-010881,Revenues,Revenues,False
ULTA,1403568,2021,3,2020-08-02,2020-10-31,91,1552033000.0,1552033000.0,False,2020-12-03,10-Q,0001558370-20-014169,Revenues,Revenues,False
ULTA,1403568,2021,4,2020-11-01,2021-01-30,91,2198701000.0,2198701000.0,False,2021-03-26,10-K,0001558370-21-003523,Revenues,Revenues,False
ULTA,1403568,2022,1,2021-01-31,2021-05-01,91,1938519000.0,1938519000.0,False,2021-05-27,10-Q,0001558370-21-007802,Revenues,Revenues,False
ULTA,1403568,2022,2,2021-05-02,2021-07-31,91,1967207000.0,1967207000.0,False,2021-08-25,10-Q,0001558370-21-012066,Revenues,Revenues,False
ULTA,1403568,2022,3,2021-08-01,2021-10-30,91,1995775000.0,1995775000.0,False,2021-12-02,10-Q,0001558370-21-016478,Revenues,Revenues,False
ULTA,1403568,2022,4,2021-10-31,2022-01-29,91,2729388000.0,2729388000.0,False,2022-03-25,10-K,0001558370-22-004330,Revenues,Revenues,True
ULTA,1403568,2023,1,2022-01-30,2022-04-30,91,2345901000.0,2345901000.0,False,2022-05-26,10-Q,0001558370-22-009401,Revenues,Revenues,False
ULTA,1403568,2023,2,2022-05-01,2022-07-30,91,2297113000.0,2297113000.0,False,2022-08-25,10-Q,0001558370-22-013983,Revenues,Revenues,False
ULTA,1403568,2023,3,2022-07-31,2022-10-29,91,2338793000.0,2338793000.0,False,2022-12-01,10-Q,0001558370-22-018318,Revenues,Revenues,False
ULTA,1403568,2023,4,2022-10-30,2023-01-28,91,3226773000.0,3226773000.0,False,2023-03-24,10-K,0001558370-23-004581,Revenues,Revenues,True
ULTA,1403568,2024,1,2023-01-29,2023-04-29,91,2634263000.0,2634263000.0,False,2023-05-25,10-Q,0001558370-23-010464,Revenues,Revenues,False
ULTA,1403568,2024,2,2023-04-30,2023-07-29,91,2529809000.0,2529809000.0,False,2023-08-24,10-Q,0001558370-23-015253,Revenues,Revenues,False
ULTA,1403568,2024,3,2023-07-30,2023-10-28,91,2488933000.0,2488933000.0,False,2023-11-30,10-Q,0001558370-23-019393,Revenues,Revenues,False
ULTA,1403568,2024,4,2023-10-29,2024-02-03,98,3554298000.0,3554298000.0,False,2024-03-26,10-K,0001558370-24-003941,Revenues,Revenues,True
ULTA,1403568,2025,1,2024-02-04,2024-05-04,91,2725848000.0,2725848000.0,False,2024-05-30,10-Q,0001558370-24-008777,Revenues,Revenues,False
ULTA,1403568,2025,2,2024-05-05,2024-08-03,91,2552087000.0,2552087000.0,False,2024-08-29,10-Q,0001558370-24-012542,Revenues,Revenues,False
ULTA,1403568,2025,3,2024-08-04,2024-11-02,91,2530100000.0,2530100000.0,False,2024-12-05,10-Q,0001558370-24-016048,Revenues,Revenues,False
ULTA,1403568,2025,4,2024-11-03,2025-02-01,91,3487619000.0,3487619000.0,False,2025-03-27,10-K,0001558370-25-003810,Revenues,Revenues,True
ULTA,1403568,2026,1,2025-02-02,2025-05-03,91,2848367000.0,2848367000.0,False,2025-05-29,10-Q,0001558370-25-008243,Revenues,Revenues,False
ULTA,1403568,2026,2,2025-05-04,2025-08-02,91,2788469000.0,2788469000.0,False,2025-08-28,10-Q,0001558370-25-011804,Revenues,Revenues,False
ULTA,1403568,2026,3,2025-08-03,2025-11-01,91,2857623000.0,2857623000.0,False,2025-12-04,10-Q,0001104659-25-118458,Revenues,Revenues,False
ULTA,1403568,2026,4,2025-11-02,2026-01-31,91,3898361000.0,3898361000.0,False,2026-03-26,10-K,0001104659-26-035243,Revenues,Revenues,True
ULTA,1403568,2027,1,2026-02-01,2026-05-02,91,3163857000.0,3163857000.0,False,2026-06-02,10-Q,0001104659-26-069491,Revenues,Revenues,False
ULTA,1403568,2027,2,2026-05-03,2026-08-01,91,3035676000.0,3035676000.0,False,2026-08-27,10-Q,0001104659-26-102442,Revenues,Revenues,False
WMT,104169,2016,4,2015-11-01,2016-01-31,92,129667000000.0,129667000000.0,False,2016-03-30,10-K,0000104169-16-000079,Revenues,Revenues,False
WMT,104169,2017,1,2016-02-01,2016-04-30,90,115904000000.0,115904000000.0,False,2016-06-03,10-Q,0000104169-16-000088,Revenues,Revenues,False
WMT,104169,2017,2,2016-05-01,2016-07-31,92,120854000000.0,120854000000.0,False,2016-08-31,10-Q,0000104169-16-000119,Revenues,Revenues,False
WMT,104169,2017,3,2016-08-01,2016-10-31,92,118179000000.0,118179000000.0,False,2016-12-01,10-Q,0000104169-16-000140,Revenues,Revenues,False
WMT,104169,2017,4,2016-11-01,2017-01-31,92,130936000000.0,130936000000.0,False,2017-03-31,10-K,0000104169-17-000021,Revenues,Revenues,False
WMT,104169,2018,1,2017-02-01,2017-04-30,89,117542000000.0,117542000000.0,False,2017-06-02,10-Q,0000104169-17-000029,Revenues,Revenues,False
WMT,104169,2018,2,2017-05-01,2017-07-31,92,123355000000.0,123355000000.0,False,2017-08-31,10-Q,0000104169-17-000057,Revenues,Revenues,False
WMT,104169,2018,3,2017-08-01,2017-10-31,92,123179000000.0,123179000000.0,False,2017-12-01,10-Q,0000104169-17-000081,Revenues,Revenues,False
WMT,104169,2018,4,2017-11-01,2018-01-31,92,136267000000.0,136267000000.0,False,2018-03-30,10-K,0000104169-18-000028,Revenues,Revenues,False
WMT,104169,2019,1,2018-02-01,2018-04-30,89,122690000000.0,122690000000.0,False,2018-06-04,10-Q,0000104169-18-000054,Revenues,Revenues,False
WMT,104169,2019,2,2018-05-01,2018-07-31,92,128028000000.0,128028000000.0,False,2018-09-06,10-Q,0000104169-18-000086,Revenues,Revenues,False
WMT,104169,2019,3,2018-08-01,2018-10-31,92,124894000000.0,124894000000.0,False,2018-11-30,10-Q,0000104169-18-000110,Revenues,Revenues,False
WMT,104169,2019,4,2018-11-01,2019-01-31,92,138793000000.0,138793000000.0,False,2019-03-28,10-K,0000104169-19-000016,Revenues,Revenues,False
WMT,104169,2020,1,2019-02-01,2019-04-30,89,123925000000.0,123925000000.0,False,2019-06-07,10-Q,0000104169-19-000024,Revenues,Revenues,False
WMT,104169,2020,2,2019-05-01,2019-07-31,92,130377000000.0,130377000000.0,False,2019-09-06,10-Q,0000104169-19-000064,Revenues,Revenues,False
WMT,104169,2020,3,2019-08-01,2019-10-31,92,127991000000.0,127991000000.0,False,2019-12-04,10-Q,0000104169-19-000088,Revenues,Revenues,False
WMT,104169,2020,4,2019-11-01,2020-01-31,92,141671000000.0,141671000000.0,False,2020-03-20,10-K,0000104169-20-000011,Revenues,Revenues,False
WMT,104169,2021,1,2020-02-01,2020-04-30,90,134622000000.0,134622000000.0,False,2020-06-03,10-Q,0000104169-20-000020,Revenues,Revenues,False
WMT,104169,2021,2,2020-05-01,2020-07-31,92,137742000000.0,137742000000.0,False,2020-09-02,10-Q,0000104169-20-000042,Revenues,Revenues,False
WMT,104169,2021,3,2020-08-01,2020-10-31,92,134708000000.0,134708000000.0,False,2020-12-02,10-Q,0000104169-20-000076,Revenues,Revenues,False
WMT,104169,2021,4,2020-11-01,2021-01-31,92,152079000000.0,152079000000.0,False,2021-03-19,10-K,0000104169-21-000033,Revenues,Revenues,True
WMT,104169,2022,1,2021-02-01,2021-04-30,89,138310000000.0,138310000000.0,False,2021-06-04,10-Q,0000104169-21-000042,Revenues,Revenues,False
WMT,104169,2022,2,2021-05-01,2021-07-31,92,141048000000.0,141048000000.0,False,2021-09-02,10-Q,0000104169-21-000058,Revenues,Revenues,False
WMT,104169,2022,3,2021-08-01,2021-10-31,92,140525000000.0,140525000000.0,False,2021-12-01,10-Q,0000104169-21-000072,Revenues,Revenues,False
WMT,104169,2022,4,2021-11-01,2022-01-31,92,152871000000.0,152871000000.0,False,2022-03-18,10-K,0000104169-22-000012,Revenues,Revenues,True
WMT,104169,2023,1,2022-02-01,2022-04-30,89,141569000000.0,141569000000.0,False,2022-06-03,10-Q,0000104169-22-000029,Revenues,Revenues,False
WMT,104169,2023,2,2022-05-01,2022-07-31,92,152859000000.0,152859000000.0,False,2022-09-02,10-Q,0000104169-22-000072,Revenues,Revenues,False
WMT,104169,2023,3,2022-08-01,2022-10-31,92,152813000000.0,152813000000.0,False,2022-12-01,10-Q,0000104169-22-000083,Revenues,Revenues,False
WMT,104169,2023,4,2022-11-01,2023-01-31,92,164048000000.0,164048000000.0,False,2023-03-17,10-K,0000104169-23-000020,Revenues,Revenues,True
WMT,104169,2024,1,2023-02-01,2023-04-30,89,152301000000.0,152301000000.0,False,2023-06-02,10-Q,0000104169-23-000052,Revenues,Revenues,False
WMT,104169,2024,2,2023-05-01,2023-07-31,92,161632000000.0,161632000000.0,False,2023-09-01,10-Q,0000104169-23-000097,Revenues,Revenues,False
WMT,104169,2024,3,2023-08-01,2023-10-31,92,160804000000.0,160804000000.0,False,2023-11-30,10-Q,0000104169-23-000132,Revenues,Revenues,False
WMT,104169,2024,4,2023-11-01,2024-01-31,92,173388000000.0,173388000000.0,False,2024-03-15,10-K,0000104169-24-000056,Revenues,Revenues,True
WMT,104169,2025,1,2024-02-01,2024-04-30,90,161508000000.0,161508000000.0,False,2024-06-07,10-Q,0000104169-24-000105,Revenues,Revenues,False
WMT,104169,2025,2,2024-05-01,2024-07-31,92,169335000000.0,169335000000.0,False,2024-08-30,10-Q,0000104169-24-000141,Revenues,Revenues,False
WMT,104169,2025,3,2024-08-01,2024-10-31,92,169588000000.0,169588000000.0,False,2024-12-06,10-Q,0000104169-24-000178,Revenues,Revenues,False
WMT,104169,2025,4,2024-11-01,2025-01-31,92,180554000000.0,180554000000.0,False,2025-03-14,10-K,0000104169-25-000021,Revenues,Revenues,True
WMT,104169,2026,1,2025-02-01,2025-04-30,89,165609000000.0,165609000000.0,False,2025-06-06,10-Q,0000104169-25-000090,Revenues,Revenues,False
WMT,104169,2026,2,2025-05-01,2025-07-31,92,177402000000.0,177402000000.0,False,2025-08-29,10-Q,0000104169-25-000137,Revenues,Revenues,False
WMT,104169,2026,3,2025-08-01,2025-10-31,92,179496000000.0,179496000000.0,False,2025-12-03,10-Q,0000104169-25-000191,Revenues,Revenues,False
WMT,104169,2026,4,2025-11-01,2026-01-31,92,190656000000.0,190656000000.0,False,2026-03-13,10-K,0000104169-26-000055,Revenues,Revenues,True
WMT,104169,2027,1,2026-02-01,2026-04-30,89,177751000000.0,177751000000.0,False,2026-05-29,10-Q,0000104169-26-000102,Revenues,Revenues,False
WMT,104169,2027,2,2026-05-01,2026-07-31,92,187937000000.0,187937000000.0,False,2026-08-28,10-Q,0000104169-26-000154,Revenues,Revenues,False
YUM,1041061,2016,4,2016-07-01,2016-09-30,92,1518000000.0,1518000000.0,False,2017-11-08,10-Q,0001041061-17-000065,Revenues,Revenues,False
YUM,1041061,2017,1,2017-01-01,2017-03-31,90,1417000000.0,1417000000.0,False,2017-05-10,10-Q,0001041061-17-000038,Revenues,Revenues,False
YUM,1041061,2017,2,2017-04-01,2017-06-30,91,1448000000.0,1448000000.0,False,2017-08-08,10-Q,0001041061-17-000057,Revenues,Revenues,False
YUM,1041061,2017,3,2017-07-01,2017-09-30,92,1436000000.0,1436000000.0,False,2017-11-08,10-Q,0001041061-17-000065,Revenues,Revenues,False
YUM,1041061,2017,4,2017-10-01,2017-12-31,92,1577000000.0,1577000000.0,False,2020-02-20,10-K,0001041061-20-000015,Revenues,Revenues,True
YUM,1041061,2018,1,2018-01-01,2018-03-31,90,1371000000.0,1371000000.0,False,2018-05-09,10-Q,0001041061-18-000026,Revenues,Revenues,False
YUM,1041061,2018,2,2018-04-01,2018-06-30,91,1368000000.0,1368000000.0,False,2018-08-07,10-Q,0001041061-18-000040,Revenues,Revenues,False
YUM,1041061,2018,3,2018-07-01,2018-09-30,92,1391000000.0,1391000000.0,False,2018-11-07,10-Q,0001041061-18-000052,Revenues,Revenues,False
YUM,1041061,2018,4,2018-10-01,2018-12-31,92,1558000000.0,1558000000.0,False,2020-02-20,10-K,0001041061-20-000015,Revenues,Revenues,False
YUM,1041061,2019,1,2019-01-01,2019-03-31,90,1254000000.0,1254000000.0,False,2019-05-08,10-Q,0001041061-19-000018,Revenues,Revenues,False
YUM,1041061,2019,2,2019-04-01,2019-06-30,91,1310000000.0,1310000000.0,False,2019-08-09,10-Q,0001041061-19-000033,Revenues,Revenues,False
YUM,1041061,2019,3,2019-07-01,2019-09-30,92,1339000000.0,1339000000.0,False,2019-11-05,10-Q,0001041061-19-000048,Revenues,Revenues,False
YUM,1041061,2019,4,2019-10-01,2019-12-31,92,1694000000.0,1694000000.0,False,2020-02-20,10-K,0001041061-20-000015,Revenues,Revenues,False
YUM,1041061,2020,1,2020-01-01,2020-03-31,91,1263000000.0,1263000000.0,False,2020-05-06,10-Q,0001041061-20-000034,Revenues,Revenues,False
YUM,1041061,2020,2,2020-04-01,2020-06-30,91,1198000000.0,1198000000.0,False,2020-08-05,10-Q,0001041061-20-000053,Revenues,Revenues,False
YUM,1041061,2020,3,2020-07-01,2020-09-30,92,1448000000.0,1448000000.0,False,2020-11-05,10-Q,0001041061-20-000064,Revenues,Revenues,False
YUM,1041061,2020,4,2020-10-01,2020-12-31,92,1743000000.0,1743000000.0,False,2021-02-22,10-K,0001041061-21-000012,Revenues,Revenues,False
YUM,1041061,2021,1,2021-01-01,2021-03-31,90,1486000000.0,1486000000.0,False,2021-05-05,10-Q,0001041061-21-000022,Revenues,Revenues,False
YUM,1041061,2021,2,2021-04-01,2021-06-30,91,1602000000.0,1602000000.0,False,2021-08-05,10-Q,0001041061-21-000042,Revenues,Revenues,False
YUM,1041061,2021,3,2021-07-01,2021-09-30,92,1606000000.0,1606000000.0,False,2021-11-03,10-Q,0001041061-21-000056,Revenues,Revenues,False
YUM,1041061,2021,4,2021-10-01,2021-12-31,92,1890000000.0,1890000000.0,False,2022-02-23,10-K,0001041061-22-000009,Revenues,Revenues,True
YUM,1041061,2022,1,2022-01-01,2022-03-31,90,1547000000.0,1547000000.0,False,2022-05-10,10-Q,0001041061-22-000019,Revenues,Revenues,False
YUM,1041061,2022,2,2022-04-01,2022-06-30,91,1636000000.0,1636000000.0,False,2022-08-08,10-Q,0001041061-22-000033,Revenues,Revenues,False
YUM,1041061,2022,3,2022-07-01,2022-09-30,92,1640000000.0,1640000000.0,False,2022-11-08,10-Q,0001041061-22-000040,Revenues,Revenues,False
YUM,1041061,2022,4,2022-10-01,2022-12-31,92,2019000000.0,2019000000.0,False,2023-02-27,10-K,0001041061-23-000009,Revenues,Revenues,True
YUM,1041061,2023,1,2023-01-01,2023-03-31,90,1645000000.0,1645000000.0,False,2023-05-09,10-Q,0001041061-23-000025,Revenues,Revenues,False
YUM,1041061,2023,2,2023-04-01,2023-06-30,91,1687000000.0,1687000000.0,False,2023-08-07,10-Q,0001041061-23-000041,Revenues,Revenues,False
YUM,1041061,2023,3,2023-07-01,2023-09-30,92,1708000000.0,1708000000.0,False,2023-11-07,10-Q,0001041061-23-000050,Revenues,Revenues,False
YUM,1041061,2023,4,2023-10-01,2023-12-31,92,2036000000.0,2036000000.0,False,2024-02-20,10-K,0001041061-24-000011,Revenues,Revenues,True
YUM,1041061,2024,1,2024-01-01,2024-03-31,91,1598000000.0,1598000000.0,False,2024-05-07,10-Q,0001041061-24-000020,Revenues,Revenues,False
YUM,1041061,2024,2,2024-04-01,2024-06-30,91,1763000000.0,1763000000.0,False,2024-08-08,10-Q,0001041061-24-000033,Revenues,Revenues,False
YUM,1041061,2024,3,2024-07-01,2024-09-30,92,1826000000.0,1826000000.0,False,2024-11-07,10-Q,0001041061-24-000039,Revenues,Revenues,False
YUM,1041061,2024,4,2024-10-01,2024-12-31,92,2362000000.0,2362000000.0,False,2025-02-19,10-K,0001041061-25-000013,Revenues,Revenues,True
YUM,1041061,2025,1,2025-01-01,2025-03-31,90,1787000000.0,1787000000.0,False,2025-05-07,10-Q,0001041061-25-000025,Revenues,Revenues,False
YUM,1041061,2025,2,2025-04-01,2025-06-30,91,1933000000.0,1933000000.0,False,2025-08-07,10-Q,0001041061-25-000057,Revenues,Revenues,False
YUM,1041061,2025,3,2025-07-01,2025-09-30,92,1979000000.0,1979000000.0,False,2025-11-07,10-Q,0001041061-25-000109,Revenues,Revenues,False
YUM,1041061,2025,4,2025-10-01,2025-12-31,92,2515000000.0,2515000000.0,False,2026-02-20,10-K,0001041061-26-000084,Revenues,Revenues,True
YUM,1041061,2026,1,2026-01-01,2026-03-31,90,2059000000.0,2059000000.0,False,2026-05-06,10-Q,0001041061-26-000119,Revenues,Revenues,False
YUM,1041061,2026,2,2026-04-01,2026-06-30,91,2169000000.0,2169000000.0,False,2026-08-05,10-Q,0001041061-26-000160,Revenues,Revenues,False
